client_id,client_name,client_type,email,phone
1,"Melton, Ashley",buyer,ashley.melton@example.com,6076274707
2,"Cooley, Melissa",buyer,melissa.cooley@example.com,292-810-9738
3,"Gibbs, Angela",owner,angela.gibbs@example.com,001-766-553-7400
4,"Gardner, Jasmine",renter,jasmine.gardner@example.com,535.355.1974x252
5,"Castro, Charles",owner,charles.castro@example.com,511.384.1001x42377
6,"Ayers, Thomas",owner,thomas.ayers@example.com,(379)619-5723x70028
7,"Simpson, Stephanie",seller,stephanie.simpson@example.com,787-958-1387x73618
8,"Miles, Marc",renter,marc.miles@example.com,610.437.2697x311
9,"Mcclain, Vanessa",buyer,vanessa.mcclain@example.com,001-364-298-5477x847
10,"Lopez, Maria",renter,maria.lopez@example.com,678-368-4708x038
11,"Townsend, Ricky",owner,ricky.townsend@example.com,+1-213-296-0000x476
12,"Ramirez, Daniel",seller,daniel.ramirez@example.com,7652816292
13,"Simmons, Barry",owner,barry.simmons@example.com,(360)633-7882x150
14,"Brown, Jerry",buyer,jerry.brown@example.com,879.243.3794x748
15,"Torres, Robert",owner,robert.torres@example.com,(453)764-2524x2089
16,"Thompson, Brandon",renter,brandon.thompson@example.com,448.966.6599x08878
17,"Delgado, William",buyer,william.delgado@example.com,001-999-887-2260x9141
18,"Howard, Peggy",seller,peggy.howard@example.com,602.711.1731x83615
19,"Thompson, Robert",owner,robert.thompson@example.com,(912)465-5085x38520
20,"Miller, Michael",renter,michael.miller@example.com,(558)355-1201x2715
21,"Johnson, Connie",buyer,connie.johnson@example.com,(578)727-2852
22,"Dalton, Linda",seller,linda.dalton@example.com,520-380-5578
23,"Alexander, Robert",renter,robert.alexander@example.com,001-694-685-5444x44877
24,"Hogan, Catherine",buyer,catherine.hogan@example.com,943-944-3104
25,"Aguilar, James",renter,james.aguilar@example.com,001-775-597-9296
26,"Austin, Jennifer",renter,jennifer.austin@example.com,334-714-0879x35065
27,"Craig, Scott",renter,scott.craig@example.com,9745046238
28,"Harris, Julie",renter,julie.harris@example.com,-7843
29,"Simmons, Brandon",buyer,brandon.simmons@example.com,001-716-660-2866x887
30,"Nichols, Erika",seller,erika.nichols@example.com,001-346-661-8538x69947
31,"Cross, Rebecca",seller,rebecca.cross@example.com,(617)718-3490x53351
32,"Wagner, Kevin",renter,kevin.wagner@example.com,001-616-544-2944x357
33,"Jones, Anthony",owner,anthony.jones@example.com,(776)673-7240
34,"Morgan, Deanna",owner,deanna.morgan@example.com,+1-867-772-8626x78625
35,"Evans, Brittany",seller,brittany.evans@example.com,+1-746-853-9123x56845
36,"Garcia, Lisa",buyer,lisa.garcia@example.com,594-204-2837
37,"Terrell, Joseph",seller,joseph.terrell@example.com,+1-400-546-2811x359
38,"Morton, John",renter,john.morton@example.com,846.665.2802
39,"Owens, Lori",owner,lori.owens@example.com,669.303.5714x65837
40,"Pacheco, Christopher",seller,christopher.pacheco@example.com,001-767-749-8960
41,"Robbins, Steven",buyer,steven.robbins@example.com,4555608904
42,"Gill, Jacob",owner,jacob.gill@example.com,+1-804-708-1774x8782
43,"Haney, Tracey",renter,tracey.haney@example.com,447-415-5975
44,"Adams, Jason",seller,jason.adams@example.com,001-607-505-5245
45,"Bradley, Susan",buyer,susan.bradley@example.com,001-673-990-7134x68220
46,"Gonzalez, Richard",seller,richard.gonzalez@example.com,001-404-231-0244x839
47,"Morrison, Timothy",seller,timothy.morrison@example.com,572.446.9260
48,"Chavez, Gerald",owner,gerald.chavez@example.com,001-377-567-0382x33657
49,"Kent, Laura",seller,laura.kent@example.com,001-497-809-0490x93030
50,"Mitchell, Michelle",renter,michelle.mitchell@example.com,2268988829
51,"Rodriguez, Robert",owner,robert.rodriguez@example.com,(208)233-4286
52,"Long, Scott",owner,scott.long@example.com,8572217347
53,"Fox, Rhonda",buyer,rhonda.fox@example.com,571.355.8089
54,"Pitts, Catherine",seller,catherine.pitts@example.com,428-769-0256
55,"Pace, Natasha",seller,natasha.pace@example.com,944-972-7019x746
56,"Hopkins, Michael",owner,michael.hopkins@example.com,698.482.0058
57,"Bennett, Joshua",renter,joshua.bennett@example.com,3607627566
58,"Hart, Brandon",owner,brandon.hart@example.com,(208)535-4212
59,"Mathews, Steven",owner,steven.mathews@example.com,001-553-899-3370
60,"Clark, David",owner,david.clark@example.com,924-662-7443
61,"Smith, Beverly",owner,beverly.smith@example.com,948-505-0504x21059
62,"Meyer, Julia",seller,julia.meyer@example.com,738-287-4087x45199
63,"Small, Dennis",seller,dennis.small@example.com,544-944-8461x4292
64,"Kelley, Zachary",buyer,zachary.kelley@example.com,(674)632-8340
65,"Goodman, William",seller,william.goodman@example.com,(987)856-8338x649
66,"Baker, William",renter,william.baker@example.com,(864)258-5673x9268
67,"Jimenez, Theresa",owner,theresa.jimenez@example.com,+1-390-968-1234x86895
68,"Lee, James",renter,james.lee@example.com,(657)797-4282
69,"Rubio, Howard",seller,howard.rubio@example.com,348.819.2281
70,"Tucker, Cameron",buyer,cameron.tucker@example.com,315-730-2972x1892
71,"Wallace, Bryan",buyer,bryan.wallace@example.com,-2330
72,"Frey, Daniel",owner,daniel.frey@example.com,364.629.0844x379
73,"Scott, Erica",owner,erica.scott@example.com,487-767-2782
74,"Walker, John",buyer,john.walker@example.com,+1-937-670-0377x608
75,"Zamora, Bradley",seller,bradley.zamora@example.com,(496)374-1769
76,"Johnson, Kathryn",seller,kathryn.johnson@example.com,387.369.5177
77,"Mueller, William",renter,william.mueller@example.com,961.851.5576x440
78,"Sanchez, Connie",buyer,connie.sanchez@example.com,+1-481-610-0861x8642
79,"Love, Susan",renter,susan.love@example.com,001-400-251-5742x867
80,"Young, Matthew",renter,matthew.young@example.com,649-710-5497x421
81,"Campbell, Jason",renter,jason.campbell@example.com,(830)960-3884x0677
82,"Wilkins, Edwin",buyer,edwin.wilkins@example.com,(854)844-6106x1594
83,"Collier, Nicholas",buyer,nicholas.collier@example.com,(868)311-7696
84,"Perez, Monica",buyer,monica.perez@example.com,001-798-726-1606
85,"Moore, Scott",renter,scott.moore@example.com,001-288-408-5220x524
86,"Garza, Robin",buyer,robin.garza@example.com,+1-495-740-1097x59717
87,"Murillo, Raymond",seller,raymond.murillo@example.com,-1291
88,"Bennett, Eileen",owner,eileen.bennett@example.com,4092089354
89,"Stone, David",owner,david.stone@example.com,(522)275-5223
90,"Holloway, Ryan",renter,ryan.holloway@example.com,+1-763-396-0980x8972
91,"Mcbride, Michael",seller,michael.mcbride@example.com,(241)938-3150
92,"Jackson, Christopher",renter,christopher.jackson@example.com,001-567-378-6230x11302
93,"Kaiser, Tiffany",buyer,tiffany.kaiser@example.com,-5506
94,"Fernandez, Tyler",seller,tyler.fernandez@example.com,770.861.5755
95,"Lara, Michael",owner,michael.lara@example.com,(705)279-2794
96,"Simmons, Beverly",owner,beverly.simmons@example.com,+1-765-450-2310x081
97,"Davis, Lori",owner,lori.davis@example.com,001-508-925-5581x4640
98,"Lewis, Sheena",renter,sheena.lewis@example.com,230.486.4259
99,"Bond, Anthony",owner,anthony.bond@example.com,001-557-236-3330x4293
100,"Owens, Bryan",buyer,bryan.owens@example.com,(264)451-2509x262
101,"Shaw, Erin",seller,erin.shaw@example.com,(721)876-5459
102,"Robinson, Jose",buyer,jose.robinson@example.com,404-906-1311
103,"Conway, Jon",owner,jon.conway@example.com,001-784-281-8430x198
104,"Woods, Christopher",seller,christopher.woods@example.com,878.875.8194x4271
105,"Johnson, Timothy",owner,timothy.johnson@example.com,580.445.6484x098
106,"Cowan, Mark",owner,mark.cowan@example.com,570.903.2012
107,"Daniels, Lauren",owner,lauren.daniels@example.com,001-681-700-0052x71712
108,"Fuller, Daniel",renter,daniel.fuller@example.com,858.613.5863x07889
109,"Burns, Carrie",seller,carrie.burns@example.com,(702)667-9990x2739
110,"Nash, Joy",buyer,joy.nash@example.com,7083468405
111,"Shannon, Richard",seller,richard.shannon@example.com,726.607.6588x350
112,"Camacho, Michael",buyer,michael.camacho@example.com,+1-883-986-3082x83219
113,"Conley, Alexander",buyer,alexander.conley@example.com,467-492-6452
114,"Brown, Robert",seller,robert.brown@example.com,001-990-427-5596x58566
115,"Griffin, Amber",seller,amber.griffin@example.com,(898)931-3698x0083
116,"Montoya, Jason",renter,jason.montoya@example.com,(804)770-5642x50847
117,"Young, Christine",owner,christine.young@example.com,001-669-225-7307x754
118,"Galloway, Angela",owner,angela.galloway@example.com,532-828-3391
119,"James, Sonia",renter,sonia.james@example.com,001-899-640-2031x740
120,"Hall, Lauren",owner,lauren.hall@example.com,001-221-405-5703x28156
121,"Little, Tina",seller,tina.little@example.com,714-341-7257
122,"Robinson, Madison",owner,madison.robinson@example.com,+1-881-229-5617x08420
123,"Martin, Kelli",owner,kelli.martin@example.com,711-762-5379
124,"Ramos, Donald",seller,donald.ramos@example.com,633.851.2035x71465
125,"Haley, Vanessa",renter,vanessa.haley@example.com,(872)324-1122
126,"Lee, Paul",renter,paul.lee@example.com,909.289.1945x42073
127,"Walker, Melinda",seller,melinda.walker@example.com,(988)696-5123x43099
128,"Ellis, Heather",owner,heather.ellis@example.com,001-202-732-7824
129,"Obrien, Linda",seller,linda.obrien@example.com,(891)886-0513
130,"Webster, Garrett",owner,garrett.webster@example.com,278.457.1872x67089
131,"Clay, Jason",seller,jason.clay@example.com,001-420-413-5786x1335
132,"Sullivan, Darlene",renter,darlene.sullivan@example.com,456-397-0663x45521
133,"Collins, Rose",seller,rose.collins@example.com,(702)333-2010x35544
134,"Sullivan, Russell",renter,russell.sullivan@example.com,001-271-560-0418x812
135,"Mills, Katie",buyer,katie.mills@example.com,001-250-230-6314x758
136,"Brown, Matthew",renter,matthew.brown@example.com,514.530.1411
137,"Patel, Mary",seller,mary.patel@example.com,(526)618-8454x42761
138,"Davis, Ronald",renter,ronald.davis@example.com,(490)385-9120x9223
139,"Ortega, Matthew",seller,matthew.ortega@example.com,(704)885-3141x5284
140,"Logan, Wendy",owner,wendy.logan@example.com,523.505.7561x88746
141,"Roberts, Michelle",owner,michelle.roberts@example.com,-2342
142,"Parker, Phillip",renter,phillip.parker@example.com,2644552601
143,"Jensen, Lynn",owner,lynn.jensen@example.com,(329)654-2475
144,"Escobar, Peggy",buyer,peggy.escobar@example.com,326-731-9540x13016
145,"Rojas, Kim",owner,kim.rojas@example.com,409.882.2256x130
146,"Mccarthy, Brittany",owner,brittany.mccarthy@example.com,6709914188
147,"Hill, James",buyer,james.hill@example.com,207.557.6618
148,"Anderson, Stephen",owner,stephen.anderson@example.com,600-878-1113x8349
149,"Murphy, Derrick",renter,derrick.murphy@example.com,001-775-381-7136x1254
150,"Peterson, Susan",renter,susan.peterson@example.com,-9696
151,"Johnson, Dustin",renter,dustin.johnson@example.com,884.848.2927x40639
152,"Williams, Paul",renter,paul.williams@example.com,001-719-622-4609x12946
153,"Williams, Christie",renter,christie.williams@example.com,318-806-6665x48259
154,"Curtis, Blake",renter,blake.curtis@example.com,(461)733-1910x90876
155,"Cortez, Christopher",owner,christopher.cortez@example.com,(935)731-6029x012
156,"Grant, Brandon",owner,brandon.grant@example.com,791-828-5649
157,"Reed, Jacqueline",seller,jacqueline.reed@example.com,413.635.5244x791
158,"Thomas, Richard",owner,richard.thomas@example.com,757.715.7666x0479
159,"Wilcox, Timothy",renter,timothy.wilcox@example.com,-4767
160,"Henry, Joanne",renter,joanne.henry@example.com,6654142233
161,"Shaw, Scott",seller,scott.shaw@example.com,(275)748-0230
162,"Mosley, Mary",buyer,mary.mosley@example.com,519.958.7527x808
163,"Chavez, Brenda",buyer,brenda.chavez@example.com,561.468.6663
164,"Watson, Teresa",buyer,teresa.watson@example.com,(892)400-3180x07095
165,"Campbell, Bradley",seller,bradley.campbell@example.com,215.408.0380x795
166,"Sanchez, Lisa",renter,lisa.sanchez@example.com,797.397.5342x39845
167,"Stevens, Caitlin",renter,caitlin.stevens@example.com,(802)854-1624x2052
168,"Alvarado, Kyle",renter,kyle.alvarado@example.com,(552)231-1978x4158
169,"Contreras, Samantha",renter,samantha.contreras@example.com,391-769-1346
170,"Duncan, Karen",owner,karen.duncan@example.com,001-740-920-5017x6639
171,"Bryan, Jody",renter,jody.bryan@example.com,(753)375-9246x77678
172,"Gonzales, Jason",owner,jason.gonzales@example.com,(621)971-8404
173,"James, Mary",buyer,mary.james@example.com,656-409-4023x59951
174,"Gill, Melissa",renter,melissa.gill@example.com,(212)657-1291
175,"Sawyer, Michael",buyer,michael.sawyer@example.com,001-598-226-7262
176,"Evans, Renee",buyer,renee.evans@example.com,926.987.1991x67574
177,"Fischer, Linda",owner,linda.fischer@example.com,749.312.2594x470
178,"Wallace, Zachary",seller,zachary.wallace@example.com,001-394-448-8634
179,"Howell, Karen",seller,karen.howell@example.com,001-416-538-0790x5111
180,"Owen, Jermaine",renter,jermaine.owen@example.com,561.995.8512x225
181,"Johnson, Karen",owner,karen.johnson@example.com,362-608-7762x5103
182,"Matthews, Justin",renter,justin.matthews@example.com,708-399-3579
183,"Hancock, Rebecca",owner,rebecca.hancock@example.com,848-379-5024
184,"Mendoza, Ashley",seller,ashley.mendoza@example.com,9236895418
185,"Martinez, Robert",owner,robert.martinez@example.com,001-726-608-9759x0903
186,"Garcia, Thomas",owner,thomas.garcia@example.com,553-389-4935
187,"Sweeney, Monica",renter,monica.sweeney@example.com,595-265-7104
188,"Mason, Crystal",buyer,crystal.mason@example.com,797.320.0182
189,"Jones, Stephanie",seller,stephanie.jones@example.com,369-528-5158x82679
190,"Martinez, Kimberly",seller,kimberly.martinez@example.com,226.292.5296x0876
191,"Green, Nicholas",owner,nicholas.green@example.com,001-988-844-8237x210
192,"Stanley, Ashley",renter,ashley.stanley@example.com,395.727.5101x948
193,"Hampton, Paul",renter,paul.hampton@example.com,668-609-6932x2336
194,"Bennett, Bryan",seller,bryan.bennett@example.com,4542902086
195,"Aguirre, Destiny",seller,destiny.aguirre@example.com,+1-610-790-2084x9648
196,"Nolan, Rose",owner,rose.nolan@example.com,001-897-444-3318x581
197,"Young, Jacob",seller,jacob.young@example.com,672.692.7946x2788
198,"Howard, Kyle",seller,kyle.howard@example.com,988.219.0883
199,"Mcmahon, Thomas",owner,thomas.mcmahon@example.com,001-423-837-5853x23207
200,"Booker, Jamie",buyer,jamie.booker@example.com,(620)625-2565
201,"Moore, Jesse",renter,jesse.moore@example.com,001-818-250-0069x06788
202,"Black, Paul",owner,paul.black@example.com,001-878-988-8064x1002
203,"Jimenez, Michelle",owner,michelle.jimenez@example.com,(899)870-0120x72179
204,"Robertson, Adam",buyer,adam.robertson@example.com,429.285.7582x80076
205,"Walsh, Michael",seller,michael.walsh@example.com,725.298.7604
206,"Merritt, Danielle",buyer,danielle.merritt@example.com,(830)285-1381
207,"Powell, Patricia",renter,patricia.powell@example.com,(990)961-7657
208,"Nixon, Jonathan",renter,jonathan.nixon@example.com,817.690.4336
209,"Miller, Dominique",owner,dominique.miller@example.com,950-911-7372x52247
210,"Smith, Rhonda",owner,rhonda.smith@example.com,(644)977-8690x9562
211,"Adams, Abigail",renter,abigail.adams@example.com,+1-990-353-0466x918
212,"Wells, Jonathan",buyer,jonathan.wells@example.com,6334114776
213,"Johnston, Jeffrey",buyer,jeffrey.johnston@example.com,+1-287-962-8065x1876
214,"Odom, David",owner,david.odom@example.com,867.944.0416
215,"Lam, Kenneth",renter,kenneth.lam@example.com,(677)309-2763x89932
216,"Smith, David",owner,david.smith@example.com,(333)468-3792x85391
217,"Carroll, Thomas",buyer,thomas.carroll@example.com,890.383.5332x0834
218,"Morales, Mary",renter,mary.morales@example.com,381-593-8124
219,"Horn, Robin",owner,robin.horn@example.com,001-712-813-3097x18844
220,"Wells, Alan",owner,alan.wells@example.com,680-462-7682x8863
221,"Pearson, Joel",buyer,joel.pearson@example.com,-2916
222,"Collins, Zachary",buyer,zachary.collins@example.com,(429)915-4020
223,"Thomas, Chad",seller,chad.thomas@example.com,743.522.3356x9372
224,"Stokes, Savannah",buyer,savannah.stokes@example.com,+1-213-674-7254x736
225,"Bright, Tamara",owner,tamara.bright@example.com,(400)614-6268x746
226,"Aguirre, Kyle",buyer,kyle.aguirre@example.com,599.775.9287
227,"Wallace, Michael",renter,michael.wallace@example.com,913.643.0188
228,"Fowler, Andrew",buyer,andrew.fowler@example.com,(796)387-1192
229,"Carey, Jennifer",owner,jennifer.carey@example.com,001-233-591-4595x129
230,"Goodman, Kaitlin",renter,kaitlin.goodman@example.com,+1-616-668-8103x53975
231,"Ramirez, Johnny",owner,johnny.ramirez@example.com,(749)378-8972x497
232,"Campbell, Kevin",buyer,kevin.campbell@example.com,001-767-509-8601
233,"Jenkins, Marissa",owner,marissa.jenkins@example.com,001-654-897-9759x3950
234,"Alvarez, Tyler",renter,tyler.alvarez@example.com,3994478183
235,"Rosario, Aaron",owner,aaron.rosario@example.com,(916)591-0063x02286
236,"Clark, Debbie",buyer,debbie.clark@example.com,704.509.7968
237,"Wright, Tony",renter,tony.wright@example.com,-8324
238,"Hall, Andrew",renter,andrew.hall@example.com,001-487-738-6393x200
239,"Vargas, Timothy",owner,timothy.vargas@example.com,732-991-7270x9718
240,"Porter, Ryan",seller,ryan.porter@example.com,001-707-965-2274x58012
241,"Hart, Emily",renter,emily.hart@example.com,546.517.6682x36331
242,"Winters, Grace",seller,grace.winters@example.com,333-963-6481
243,"Miller, Krystal",seller,krystal.miller@example.com,485-650-9497x211
244,"Miller, Gary",buyer,gary.miller@example.com,001-929-768-9384x52639
245,"Hughes, Javier",seller,javier.hughes@example.com,583-259-5232
246,"Skinner, Lisa",owner,lisa.skinner@example.com,(730)956-6402
247,"Thompson, Tammy",owner,tammy.thompson@example.com,001-697-230-7406
248,"Graham, Rodney",owner,rodney.graham@example.com,001-854-485-0003x302
249,"Santana, Matthew",owner,matthew.santana@example.com,+1-893-210-4062x71013
250,"Benson, Michelle",owner,michelle.benson@example.com,(373)925-0261
251,"Cole, Audrey",owner,audrey.cole@example.com,+1-492-330-3497x739
252,"Collier, Stacey",buyer,stacey.collier@example.com,(654)891-0009
253,"Wilkins, Holly",owner,holly.wilkins@example.com,787.817.5483
254,"Alvarez, Michelle",owner,michelle.alvarez@example.com,582-970-4994x197
255,"Tucker, Michael",buyer,michael.tucker@example.com,330-464-9104x4649
256,"Flores, Ryan",renter,ryan.flores@example.com,(508)251-0389
257,"Foster, Michael",seller,michael.foster@example.com,(273)390-1432x57528
258,"King, Dana",buyer,dana.king@example.com,5356790275
259,"Simmons, Annette",seller,annette.simmons@example.com,+1-791-363-8813x83922
260,"Brown, Jeffrey",buyer,jeffrey.brown@example.com,575-749-4362x8887
261,"Alexander, Laura",buyer,laura.alexander@example.com,+1-933-235-2087x879
262,"Bryant, Amanda",owner,amanda.bryant@example.com,(606)447-3019x46187
263,"Wright, Charles",seller,charles.wright@example.com,(625)969-2893x203
264,"Sloan, Lindsey",owner,lindsey.sloan@example.com,001-533-990-0473x4943
265,"King, Victoria",buyer,victoria.king@example.com,(885)649-1070x2831
266,"Mitchell, Gregory",renter,gregory.mitchell@example.com,(327)829-6147
267,"Wilson, Jacqueline",seller,jacqueline.wilson@example.com,218-543-6819
268,"Lee, Nicole",renter,nicole.lee@example.com,+1-367-812-1523x84058
269,"Cole, Stephen",seller,stephen.cole@example.com,887-936-9556
270,"Ingram, William",buyer,william.ingram@example.com,250-275-7370x186
271,"Guerrero, Lori",owner,lori.guerrero@example.com,537.238.3504
272,"Bruce, Chris",owner,chris.bruce@example.com,(459)935-7234x274
273,"Torres, Judy",seller,judy.torres@example.com,(204)450-7263x97398
274,"Williams, Kimberly",renter,kimberly.williams@example.com,4329549215
275,"Jordan, Gina",renter,gina.jordan@example.com,6609703105
276,"Armstrong, Makayla",buyer,makayla.armstrong@example.com,667-369-0787
277,"Sanchez, Roger",owner,roger.sanchez@example.com,772.346.2058
278,"Harris, Mason",seller,mason.harris@example.com,741.371.5263x035
279,"Patel, Melanie",owner,melanie.patel@example.com,001-502-648-0886x24101
280,"Adkins, Edward",renter,edward.adkins@example.com,001-369-765-6337x818
281,"Zhang, Colin",buyer,colin.zhang@example.com,+1-294-277-2450x88252
282,"Adams, Rita",owner,rita.adams@example.com,001-462-577-7344x31592
283,"Jacobs, Denise",owner,denise.jacobs@example.com,-1283
284,"Allen, Shirley",renter,shirley.allen@example.com,7266404842
285,"Ramsey, Linda",buyer,linda.ramsey@example.com,+1-745-809-7229x09473
286,"Reed, Sandra",buyer,sandra.reed@example.com,-9497
287,"West, Sonia",owner,sonia.west@example.com,644.964.3841
288,"Daniels, Victor",buyer,victor.daniels@example.com,+1-389-559-5320x092
289,"Wise, Kristina",renter,kristina.wise@example.com,658-974-3008
290,"Ray, David",seller,david.ray@example.com,545.629.6405x4581
291,"Jackson, Sandra",renter,sandra.jackson@example.com,899.535.1167x21540
292,"Marsh, Cathy",buyer,cathy.marsh@example.com,(983)350-5551x6999
293,"Mack, Jennifer",seller,jennifer.mack@example.com,676-954-5576
294,"Mccoy, Jack",buyer,jack.mccoy@example.com,935-746-8008x923
295,"Frazier, Alexandra",buyer,alexandra.frazier@example.com,809-900-6517x3792
296,"Harris, Tony",seller,tony.harris@example.com,001-292-788-7832
297,"Brown, Kathleen",owner,kathleen.brown@example.com,752-831-6942x394
298,"Allen, Russell",seller,russell.allen@example.com,001-531-292-5230x410
299,"Bradshaw, Susan",seller,susan.bradshaw@example.com,001-638-232-9868x79965
300,"Miranda, Harold",seller,harold.miranda@example.com,579-735-7211x4431
301,"Harris, Taylor",buyer,taylor.harris@example.com,750-260-1913x87709
302,"Anderson, Morgan",owner,morgan.anderson@example.com,274.967.8842
303,"George, Roy",buyer,roy.george@example.com,+1-636-623-7603x290
304,"Hansen, Jennifer",seller,jennifer.hansen@example.com,886.275.2476x23276
305,"Duncan, Troy",seller,troy.duncan@example.com,473-996-5981x43895
306,"Patterson, Daniel",renter,daniel.patterson@example.com,+1-519-287-9717x2965
307,"Kline, Ricky",buyer,ricky.kline@example.com,001-665-251-7612x2449
308,"Turner, Danny",renter,danny.turner@example.com,001-963-848-6409x179
309,"George, Paula",buyer,paula.george@example.com,+1-832-335-5953x266
310,"Flowers, Joshua",seller,joshua.flowers@example.com,+1-852-468-1817x46879
311,"Vargas, John",seller,john.vargas@example.com,517.718.9491x755
312,"Smith, Eric",owner,eric.smith@example.com,001-619-574-6240
313,"Berry, Kyle",renter,kyle.berry@example.com,+1-379-833-8605x27142
314,"Ortega, Benjamin",seller,benjamin.ortega@example.com,3193956116
315,"Castillo, Rachel",buyer,rachel.castillo@example.com,705-774-5389x9679
316,"Shaw, Bradley",owner,bradley.shaw@example.com,677.646.0589x3728
317,"Webb, Erica",renter,erica.webb@example.com,(219)327-1875
318,"Lee, Theresa",renter,theresa.lee@example.com,(546)702-6923x98664
319,"Mccullough, Nathaniel",seller,nathaniel.mccullough@example.com,847-302-0953x1744
320,"Williams, Shelia",renter,shelia.williams@example.com,(731)893-6186x087
321,"Doyle, Matthew",seller,matthew.doyle@example.com,+1-525-849-3715x6388
322,"Jenkins, Robert",buyer,robert.jenkins@example.com,(411)635-1344x57507
323,"Williams, Ashley",seller,ashley.williams@example.com,782.913.7495x90989
324,"Orozco, Tyler",renter,tyler.orozco@example.com,(567)509-7989x107
325,"Griffin, Jason",renter,jason.griffin@example.com,-8141
326,"Andrews, Kathy",seller,kathy.andrews@example.com,949.295.0285x89668
327,"Sanchez, Madison",seller,madison.sanchez@example.com,001-760-698-7499x03794
328,"Watson, Anita",seller,anita.watson@example.com,869.692.3380x484
329,"Hebert, Deborah",seller,deborah.hebert@example.com,(313)687-1604
330,"Leon, Miguel",renter,miguel.leon@example.com,001-595-828-2142x30026
331,"Phillips, Carl",owner,carl.phillips@example.com,(825)901-0310x16283
332,"David, Miranda",renter,miranda.david@example.com,(419)425-1825
333,"Gates, Rachel",renter,rachel.gates@example.com,+1-202-665-0345x517
334,"Davis, Mary",seller,mary.davis@example.com,001-658-601-6139x157
335,"French, Michael",renter,michael.french@example.com,902.498.1648x312
336,"Davidson, Steven",buyer,steven.davidson@example.com,(868)493-1715x094
337,"Roach, Lori",renter,lori.roach@example.com,(671)284-8479x2749
338,"Anderson, Jacob",owner,jacob.anderson@example.com,855.413.8125
339,"Tapia, Jeffrey",owner,jeffrey.tapia@example.com,442.352.4763
340,"Davidson, Brett",seller,brett.davidson@example.com,497-354-8173x145
341,"Johnson, Sierra",owner,sierra.johnson@example.com,001-372-545-5747
342,"Warren, Kayla",buyer,kayla.warren@example.com,-2392
343,"Patterson, Lauren",seller,lauren.patterson@example.com,424-819-0206
344,"Kramer, Dakota",renter,dakota.kramer@example.com,+1-626-207-5982x59437
345,"Christian, Lauren",renter,lauren.christian@example.com,-2985
346,"Williams, Kevin",buyer,kevin.williams@example.com,(276)438-7599
347,"Morgan, Brittany",buyer,brittany.morgan@example.com,239-231-3446x550
348,"Miller, Randy",buyer,randy.miller@example.com,+1-867-535-5754x1016
349,"Adams, Emily",buyer,emily.adams@example.com,407-829-2263
350,"Yates, Peter",seller,peter.yates@example.com,(360)590-8595x4375
351,"Scott, Charles",renter,charles.scott@example.com,(463)284-3470
352,"Edwards, Caroline",buyer,caroline.edwards@example.com,3844339516
353,"Nguyen, Theodore",owner,theodore.nguyen@example.com,399-279-8408x40020
354,"Medina, Bonnie",renter,bonnie.medina@example.com,903-378-0940x425
355,"Kane, Oscar",buyer,oscar.kane@example.com,001-832-354-2233x3450
356,"Henry, Matthew",seller,matthew.henry@example.com,(561)306-8494x41029
357,"Sandoval, Victoria",owner,victoria.sandoval@example.com,692.809.3599x235
358,"Flores, Alexis",renter,alexis.flores@example.com,555.802.3037x700
359,"Johnson, Keith",owner,keith.johnson@example.com,(373)830-9724x2026
360,"Sanchez, Danny",owner,danny.sanchez@example.com,528-619-1417x417
361,"Jacobs, Brandon",buyer,brandon.jacobs@example.com,232-951-5449
362,"Kent, Robert",renter,robert.kent@example.com,566-466-0977
363,"Jackson, Brian",seller,brian.jackson@example.com,(979)716-1959
364,"Patterson, Christopher",seller,christopher.patterson@example.com,313-656-1928x57813
365,"Wade, Stephanie",owner,stephanie.wade@example.com,+1-749-590-9310x76328
366,"Moore, David",buyer,david.moore@example.com,001-865-225-5723x768
367,"Gray, Kimberly",renter,kimberly.gray@example.com,327.909.5604
368,"Deleon, Paul",buyer,paul.deleon@example.com,669-775-4542
369,"Jensen, Michelle",buyer,michelle.jensen@example.com,284.757.3536
370,"Ortiz, John",renter,john.ortiz@example.com,437.696.7844x42851
371,"Spencer, Jessica",renter,jessica.spencer@example.com,(488)804-9828x4666
372,"Tucker, Andrew",owner,andrew.tucker@example.com,001-224-731-0374x1584
373,"Mcdaniel, Jeffrey",renter,jeffrey.mcdaniel@example.com,(610)298-0355x1671
374,"Potts, Michael",seller,michael.potts@example.com,(568)341-9501x8076
375,"Rose, Angela",owner,angela.rose@example.com,001-613-916-3095x52145
376,"Boyd, Ronald",buyer,ronald.boyd@example.com,-9497
377,"Miller, Kenneth",buyer,kenneth.miller@example.com,862-995-8621
378,"Bailey, Anthony",buyer,anthony.bailey@example.com,-2511
379,"Nguyen, Jeffrey",owner,jeffrey.nguyen@example.com,(596)863-1998
380,"Jones, Amy",owner,amy.jones@example.com,001-882-266-1680
381,"Ewing, Deanna",renter,deanna.ewing@example.com,(605)454-2687x172
382,"Atkinson, Morgan",buyer,morgan.atkinson@example.com,(837)524-7391x9123
383,"Ruiz, Debbie",owner,debbie.ruiz@example.com,623-925-7379x1484
384,"Chambers, Dana",owner,dana.chambers@example.com,001-206-577-0727x37174
385,"Martin, Geoffrey",buyer,geoffrey.martin@example.com,+1-266-308-7973x5128
386,"Fischer, Lisa",renter,lisa.fischer@example.com,(639)358-8327x20348
387,"Gardner, Ashley",renter,ashley.gardner@example.com,(440)264-7675x085
388,"Thomas, Lisa",renter,lisa.thomas@example.com,(323)592-7087x438
389,"Martinez, Ryan",owner,ryan.martinez@example.com,+1-535-266-9069x2621
390,"Cisneros, Melissa",seller,melissa.cisneros@example.com,(232)669-5194x83040
391,"Stewart, Dillon",seller,dillon.stewart@example.com,832-728-8800x67316
392,"Kelly, Rebecca",buyer,rebecca.kelly@example.com,+1-528-830-5245x383
393,"Simpson, Janet",buyer,janet.simpson@example.com,952.308.5104x42149
394,"Carney, Tonya",buyer,tonya.carney@example.com,619-729-0156x0912
395,"Campbell, Carlos",owner,carlos.campbell@example.com,989-955-7937x32931
396,"Wilkerson, Abigail",owner,abigail.wilkerson@example.com,001-392-951-9657x8018
397,"Leon, Nicholas",buyer,nicholas.leon@example.com,742-788-0242
398,"Douglas, Michael",owner,michael.douglas@example.com,+1-313-459-2728x82796
399,"Gonzales, Patrick",owner,patrick.gonzales@example.com,(931)457-7402
400,"Daniels, Matthew",renter,matthew.daniels@example.com,677.480.3603
401,"Jackson, Ryan",renter,ryan.jackson@example.com,280-397-3809x67793
402,"Peterson, Justin",renter,justin.peterson@example.com,(714)309-3380x6543
403,"Patel, Bradley",buyer,bradley.patel@example.com,925-962-9321x322
404,"White, Lisa",renter,lisa.white@example.com,(307)296-8322
405,"Cherry, Christopher",owner,christopher.cherry@example.com,465-638-9801x1467
406,"Pena, Karen",buyer,karen.pena@example.com,(888)397-6733x2304
407,"White, Julie",seller,julie.white@example.com,(339)443-9983x7607
408,"Stevens, Christopher",buyer,christopher.stevens@example.com,2542140013
409,"Davenport, Christopher",seller,christopher.davenport@example.com,-8739
410,"Hernandez, Christine",seller,christine.hernandez@example.com,+1-569-774-4595x3033
411,"Peterson, Traci",owner,traci.peterson@example.com,455-554-1589x27232
412,"Juarez, Sonia",renter,sonia.juarez@example.com,(855)857-0568
413,"Davis, Heidi",buyer,heidi.davis@example.com,543.993.4941x9965
414,"Olsen, Nicole",seller,nicole.olsen@example.com,(984)536-3298
415,"Crawford, Cathy",seller,cathy.crawford@example.com,771-869-9603
416,"Rodriguez, Rachel",seller,rachel.rodriguez@example.com,(271)763-5883
417,"Riggs, Zachary",seller,zachary.riggs@example.com,001-556-482-7163
418,"Waller, Thomas",renter,thomas.waller@example.com,233.646.9491x54437
419,"Rivera, Karen",owner,karen.rivera@example.com,889-522-5203
420,"Mitchell, Jason",seller,jason.mitchell@example.com,(609)837-6934
421,"Hart, Bradley",renter,bradley.hart@example.com,778-906-1204
422,"Nolan, Eric",seller,eric.nolan@example.com,2923315330
423,"Nichols, Gabriela",buyer,gabriela.nichols@example.com,001-749-451-4620x429
424,"Rodriguez, Justin",renter,justin.rodriguez@example.com,633.439.3595x28831
425,"Allen, James",seller,james.allen@example.com,8606718591
426,"Chung, Cassandra",owner,cassandra.chung@example.com,762.423.0461
427,"Huber, Kyle",seller,kyle.huber@example.com,001-429-748-2281x021
428,"Smith, Michael",seller,michael.smith@example.com,411-262-2336x72213
429,"Grimes, Emily",seller,emily.grimes@example.com,793-422-4333x101
430,"Kane, Jeremy",seller,jeremy.kane@example.com,692.964.2688
431,"Quinn, Brian",owner,brian.quinn@example.com,387.391.6559x51732
432,"Brown, Julie",buyer,julie.brown@example.com,307.636.7281x611
433,"Harding, Raymond",seller,raymond.harding@example.com,+1-332-722-2532x1950
434,"Harvey, Latoya",seller,latoya.harvey@example.com,(940)525-5797x74922
435,"Cruz, Rebecca",buyer,rebecca.cruz@example.com,216-515-0684
436,"Edwards, Wanda",buyer,wanda.edwards@example.com,(474)551-5290x386
437,"Lindsey, Stephanie",buyer,stephanie.lindsey@example.com,+1-703-883-7410x457
438,"Curry, Carol",owner,carol.curry@example.com,+1-447-448-3469x307
439,"Rodriguez, Teresa",buyer,teresa.rodriguez@example.com,933.482.1175
440,"Lopez, Scott",buyer,scott.lopez@example.com,(806)523-1545
441,"Brown, Roberta",buyer,roberta.brown@example.com,765.849.2257x6972
442,"Diaz, Daniel",owner,daniel.diaz@example.com,600-434-7703
443,"Adams, Benjamin",owner,benjamin.adams@example.com,949.261.5750x1029
444,"Choi, Meghan",seller,meghan.choi@example.com,6457729571
445,"Warren, Russell",renter,russell.warren@example.com,+1-350-688-4536x6881
446,"Romero, Jessica",seller,jessica.romero@example.com,+1-465-764-9320x14057
447,"Donovan, Rodney",owner,rodney.donovan@example.com,+1-623-244-9910x8458
448,"Patterson, Kelsey",owner,kelsey.patterson@example.com,001-286-956-0433x4356
449,"Rowe, Shane",owner,shane.rowe@example.com,755.905.0421x32938
450,"Rivas, Christopher",seller,christopher.rivas@example.com,883-705-4170x148
451,"Benton, Lawrence",buyer,lawrence.benton@example.com,+1-941-842-5374x9598
452,"Perez, James",seller,james.perez@example.com,001-290-871-4970x6152
453,"Stevens, Miguel",renter,miguel.stevens@example.com,959-958-3886
454,"Serrano, Daniel",renter,daniel.serrano@example.com,001-614-255-9625x580
455,"Walton, Martha",seller,martha.walton@example.com,(448)812-7423
456,"Jenkins, Melissa",seller,melissa.jenkins@example.com,+1-337-783-6720x3478
457,"Simmons, Latasha",owner,latasha.simmons@example.com,001-817-612-9622x158
458,"Gonzales, Jennifer",seller,jennifer.gonzales@example.com,747-976-8746
459,"Walker, Kaitlyn",owner,kaitlyn.walker@example.com,204.580.1274
460,"Thomas, Christopher",buyer,christopher.thomas@example.com,398.901.2095x769
461,"Meyers, Margaret",seller,margaret.meyers@example.com,226.653.1784
462,"Underwood, John",renter,john.underwood@example.com,4888489578
463,"Brown, Denise",seller,denise.brown@example.com,001-536-460-4766x980
464,"Knight, Samantha",owner,samantha.knight@example.com,766.635.0234
465,"Ellison, Vanessa",owner,vanessa.ellison@example.com,942.617.1891x26069
466,"Dennis, Rodney",seller,rodney.dennis@example.com,+1-754-211-6361x0300
467,"Williams, Justin",renter,justin.williams@example.com,459-754-3347x9472
468,"Johnson, Mike",owner,mike.johnson@example.com,+1-219-812-8183x968
469,"Lyons, Leslie",seller,leslie.lyons@example.com,532.918.5231
470,"Richardson, Todd",owner,todd.richardson@example.com,323.306.8583x446
471,"Shields, Cody",buyer,cody.shields@example.com,717.619.8139x58467
472,"Thompson, Allison",renter,allison.thompson@example.com,(892)540-4746x08328
473,"Williams, Shannon",renter,shannon.williams@example.com,(744)496-6523x9877
474,"Bruce, Mary",owner,mary.bruce@example.com,277.373.7444
475,"Franco, Vincent",seller,vincent.franco@example.com,-7786
476,"Craig, James",seller,james.craig@example.com,575.232.4084x520
477,"Johnston, Beth",renter,beth.johnston@example.com,313.533.6664x8649
478,"Smith, Justin",seller,justin.smith@example.com,595.536.3519x208
479,"Carrillo, Samuel",seller,samuel.carrillo@example.com,001-582-452-6016x2391
480,"Murphy, Blake",owner,blake.murphy@example.com,7782036395
481,"Griffin, Kevin",owner,kevin.griffin@example.com,341.237.2686
482,"Jimenez, Keith",seller,keith.jimenez@example.com,3258759678
483,"Baird, Pamela",buyer,pamela.baird@example.com,001-748-367-4691x648
484,"Ramirez, David",owner,david.ramirez@example.com,001-849-385-8318
485,"Gray, Michelle",owner,michelle.gray@example.com,001-295-642-8725x85608
486,"Fisher, Matthew",buyer,matthew.fisher@example.com,205.767.6239
487,"Sanchez, Cassidy",owner,cassidy.sanchez@example.com,(352)695-6042x4141
488,"Gardner, Erika",renter,erika.gardner@example.com,372.686.4155x34955
489,"Smith, Whitney",owner,whitney.smith@example.com,001-319-616-9795
490,"Velazquez, Malik",buyer,malik.velazquez@example.com,836-346-9737x4590
491,"Smith, Matthew",owner,matthew.smith@example.com,001-293-385-9002x2948
492,"Olson, Brandon",renter,brandon.olson@example.com,733-608-2121x439
493,"Huber, John",owner,john.huber@example.com,(489)837-8369x0567
494,"Curry, Yolanda",buyer,yolanda.curry@example.com,-9422
495,"Dennis, Michelle",renter,michelle.dennis@example.com,8282215198
496,"Day, Manuel",seller,manuel.day@example.com,001-652-992-1127x661
497,"Santiago, Kevin",renter,kevin.santiago@example.com,700-819-6313x150
498,"Carney, Annette",seller,annette.carney@example.com,8027784722
499,"White, Christopher",owner,christopher.white@example.com,364.422.6464
500,"Ross, Brianna",buyer,brianna.ross@example.com,375-396-6461x3323
501,"Brooks, Timothy",owner,timothy.brooks@example.com,+1-265-232-6615x66014
502,"Kline, Curtis",seller,curtis.kline@example.com,786-844-3191x704
503,"Martinez, Margaret",buyer,margaret.martinez@example.com,795.389.6637x14831
504,"Wagner, Andrew",seller,andrew.wagner@example.com,484.669.7515x697
505,"Miller, Lori",seller,lori.miller@example.com,001-303-403-5387x856
506,"Smith, Ian",buyer,ian.smith@example.com,(707)805-9307x2196
507,"Butler, Marvin",seller,marvin.butler@example.com,(834)367-3865x602
508,"Lopez, Cody",owner,cody.lopez@example.com,259.535.5964x083
509,"Smith, Peter",renter,peter.smith@example.com,001-344-916-8536
510,"Schultz, Priscilla",buyer,priscilla.schultz@example.com,(559)945-8165x393
511,"Lee, Joshua",renter,joshua.lee@example.com,956-261-4374x2054
512,"Chapman, Harold",buyer,harold.chapman@example.com,654.955.6217x21721
513,"Ruiz, Carlos",renter,carlos.ruiz@example.com,(225)880-6874x4393
514,"Williams, Andrea",seller,andrea.williams@example.com,(325)226-2879
515,"Williams, Gregory",renter,gregory.williams@example.com,+1-328-480-9154x4181
516,"Warner, Bryan",renter,bryan.warner@example.com,510-506-2287
517,"Crawford, Andrew",buyer,andrew.crawford@example.com,9943706401
518,"Serrano, Wanda",buyer,wanda.serrano@example.com,524.999.3641x555
519,"Smith, Jessica",buyer,jessica.smith@example.com,(898)376-9110x767
520,"Allen, Robert",renter,robert.allen@example.com,+1-965-779-0011x971
521,"David, Matthew",renter,matthew.david@example.com,411.795.4466x325
522,"Carroll, Sheila",seller,sheila.carroll@example.com,726-367-4108x8013
523,"Thompson, Joshua",owner,joshua.thompson@example.com,001-338-409-3977x94847
524,"Walker, David",owner,david.walker@example.com,+1-336-633-7128x95151
525,"Reilly, David",buyer,david.reilly@example.com,5629128662
526,"Pruitt, Diane",buyer,diane.pruitt@example.com,-5772
527,"Fuller, Amy",buyer,amy.fuller@example.com,+1-432-500-1708x982
528,"Boyd, Luke",seller,luke.boyd@example.com,334.893.3899
529,"Santiago, Justin",seller,justin.santiago@example.com,8654317274
530,"Lee, Connor",buyer,connor.lee@example.com,3646524828
531,"Vargas, Shelby",renter,shelby.vargas@example.com,(686)880-0050x33159
532,"Grant, Julie",buyer,julie.grant@example.com,9224577859
533,"Conner, Jocelyn",owner,jocelyn.conner@example.com,+1-307-842-3461x0597
534,"Haas, Chad",owner,chad.haas@example.com,915-906-9279
535,"Cunningham, Alexander",owner,alexander.cunningham@example.com,001-667-955-6117x8120
536,"Johnson, Melissa",buyer,melissa.johnson@example.com,963.525.2909
537,"Gallagher, Bradley",renter,bradley.gallagher@example.com,001-515-615-1132x521
538,"Alvarez, Rebecca",seller,rebecca.alvarez@example.com,8079776169
539,"Page, Heidi",renter,heidi.page@example.com,(487)559-1656x84103
540,"Miller, Suzanne",renter,suzanne.miller@example.com,(947)679-0235x2195
541,"Torres, Tonya",seller,tonya.torres@example.com,373.505.8024
542,"Davis, Jamie",buyer,jamie.davis@example.com,8896249671
543,"Oliver, Matthew",seller,matthew.oliver@example.com,8106845783
544,"Santos, Matthew",owner,matthew.santos@example.com,2148600701
545,"Mills, Kristen",owner,kristen.mills@example.com,658.300.9104x718
546,"Cardenas, Nicholas",owner,nicholas.cardenas@example.com,279.205.5279x9256
547,"Cooper, Monica",seller,monica.cooper@example.com,862-921-1162x413
548,"Carter, Ian",buyer,ian.carter@example.com,847-732-4573
549,"Andrews, Paula",owner,paula.andrews@example.com,401-417-5915
550,"Bryant, Kaitlyn",seller,kaitlyn.bryant@example.com,462-670-9225
551,"Miller, Kristin",renter,kristin.miller@example.com,876.891.1749x71458
552,"Cervantes, Monique",owner,monique.cervantes@example.com,574.545.4029x764
553,"Hayes, Christina",seller,christina.hayes@example.com,3045912020
554,"Evans, Erik",renter,erik.evans@example.com,001-694-939-5415
555,"Green, Michael",renter,michael.green@example.com,701.243.1392
556,"Davis, Alan",renter,alan.davis@example.com,+1-890-621-8646x7321
557,"Walker, Rodney",seller,rodney.walker@example.com,+1-287-953-4226x303
558,"Robinson, Danielle",buyer,danielle.robinson@example.com,001-760-217-8548x518
559,"Washington, Maurice",renter,maurice.washington@example.com,6839504640
560,"Wilkinson, Juan",buyer,juan.wilkinson@example.com,001-753-554-4865x304
561,"Combs, Mary",seller,mary.combs@example.com,889.504.3988
562,"Russell, Thomas",buyer,thomas.russell@example.com,335.299.8248x963
563,"Alexander, Susan",owner,susan.alexander@example.com,001-884-889-8709
564,"Peterson, Alison",renter,alison.peterson@example.com,(982)763-1920x726
565,"Hernandez, Jerry",seller,jerry.hernandez@example.com,8187199214
566,"Carter, Olivia",owner,olivia.carter@example.com,(421)333-3875x3537
567,"Martin, Jordan",buyer,jordan.martin@example.com,432-302-3115x804
568,"Macdonald, Mark",seller,mark.macdonald@example.com,336.656.7425x68904
569,"Stevens, Marie",seller,marie.stevens@example.com,+1-598-239-7809x115
570,"Williams, Rebecca",owner,rebecca.williams@example.com,(746)741-7823
571,"Young, Amy",owner,amy.young@example.com,8862880494
572,"Webb, James",owner,james.webb@example.com,001-210-428-5855x7938
573,"King, Larry",buyer,larry.king@example.com,322-267-3421x589
574,"Pierce, Andrew",renter,andrew.pierce@example.com,001-535-975-8692x2897
575,"Sweeney, Michael",buyer,michael.sweeney@example.com,402.903.5175
576,"Cook, George",seller,george.cook@example.com,511-811-9252
577,"Zuniga, Danny",owner,danny.zuniga@example.com,(418)446-0077x1119
578,"Peterson, Christopher",owner,christopher.peterson@example.com,646.968.3336x284
579,"Parker, Jerry",seller,jerry.parker@example.com,(232)700-6890x20998
580,"Wall, Erica",seller,erica.wall@example.com,4757849421
581,"Phillips, Jonathan",seller,jonathan.phillips@example.com,-3941
582,"Williams, Jose",renter,jose.williams@example.com,847.864.5945x8690
583,"Bowman, Eric",renter,eric.bowman@example.com,001-929-996-2498x381
584,"Green, Susan",seller,susan.green@example.com,001-674-970-7583
585,"Adams, Tony",renter,tony.adams@example.com,926-811-4486
586,"Spencer, Ashley",owner,ashley.spencer@example.com,406-693-2615
587,"Olson, Sergio",renter,sergio.olson@example.com,368-318-0290x96096
588,"Cordova, Albert",renter,albert.cordova@example.com,559-201-7902x823
589,"Gonzalez, Brenda",buyer,brenda.gonzalez@example.com,778-621-5908
590,"Vega, Max",renter,max.vega@example.com,+1-922-819-5816x265
591,"Hammond, Omar",owner,omar.hammond@example.com,(321)985-2189
592,"Young, Scott",seller,scott.young@example.com,+1-268-645-1856x69108
593,"Roberson, Carlos",renter,carlos.roberson@example.com,746.315.7186
594,"Kim, Matthew",buyer,matthew.kim@example.com,427.743.4520
595,"Munoz, Colleen",owner,colleen.munoz@example.com,328.821.7987
596,"Dixon, Patricia",owner,patricia.dixon@example.com,416.978.2122
597,"Wells, Heather",seller,heather.wells@example.com,001-381-414-0860
598,"Johnson, Timothy",owner,timothy.johnson@example.com,453.805.0262x74878
599,"Lloyd, Judy",seller,judy.lloyd@example.com,5666719457
600,"Burton, Miguel",renter,miguel.burton@example.com,955.766.7701x4866
601,"Pierce, Jessica",seller,jessica.pierce@example.com,517.944.6934x69899
602,"Snyder, Janet",buyer,janet.snyder@example.com,001-914-433-9669x16124
603,"Ochoa, Maria",seller,maria.ochoa@example.com,619.583.4414
604,"Bolton, Kristin",buyer,kristin.bolton@example.com,+1-547-306-5689x54073
605,"Vang, Jacqueline",seller,jacqueline.vang@example.com,001-499-794-8183x480
606,"Jordan, Mackenzie",owner,mackenzie.jordan@example.com,802.669.2610
607,"Webster, Jerry",buyer,jerry.webster@example.com,(253)570-6511x5884
608,"Maldonado, James",seller,james.maldonado@example.com,239-748-0627x4412
609,"Schneider, Amber",seller,amber.schneider@example.com,626-751-0464
610,"Johnson, Dylan",buyer,dylan.johnson@example.com,576.682.5771x402
611,"Williams, Joseph",seller,joseph.williams@example.com,308-497-0435x97883
612,"Nichols, Eric",owner,eric.nichols@example.com,(706)546-7586x361
613,"Harris, Jacqueline",renter,jacqueline.harris@example.com,(906)567-2097x515
614,"Simmons, Molly",buyer,molly.simmons@example.com,(575)697-2464x09660
615,"Davis, Latoya",renter,latoya.davis@example.com,001-931-245-7573x110
616,"Thompson, Randy",seller,randy.thompson@example.com,(358)707-1039
617,"Martin, Julie",seller,julie.martin@example.com,(990)972-4585x84107
618,"Rivera, Paul",renter,paul.rivera@example.com,430.668.6048
619,"Hernandez, Donna",owner,donna.hernandez@example.com,+1-949-947-1171x51773
620,"Mcdonald, Janet",seller,janet.mcdonald@example.com,(398)265-2475x10419
621,"Carlson, William",buyer,william.carlson@example.com,(975)470-6207x37804
622,"Edwards, Andrew",buyer,andrew.edwards@example.com,001-255-373-7477x3760
623,"Callahan, Rebecca",owner,rebecca.callahan@example.com,620.229.0544
624,"Patrick, Michele",renter,michele.patrick@example.com,(662)221-0739x53333
625,"Taylor, Dawn",owner,dawn.taylor@example.com,750-763-7904x52574
626,"Frost, Kent",owner,kent.frost@example.com,(807)869-4228x02875
627,"Smith, Scott",renter,scott.smith@example.com,878.568.0079x78313
628,"Jones, Tracy",seller,tracy.jones@example.com,680.373.8754x2074
629,"Avila, Lauren",owner,lauren.avila@example.com,+1-440-655-3220x98897
630,"Smith, Brian",buyer,brian.smith@example.com,001-454-354-4637x55321
631,"Ortiz, Charles",renter,charles.ortiz@example.com,+1-541-917-9510x2192
632,"Pena, Timothy",renter,timothy.pena@example.com,+1-388-374-4520x111
633,"Davis, Brandon",owner,brandon.davis@example.com,271-791-5011
634,"Newton, Tiffany",renter,tiffany.newton@example.com,856.485.6972x64348
635,"Alexander, Lisa",renter,lisa.alexander@example.com,(200)338-5135
636,"Johnson, April",seller,april.johnson@example.com,001-856-911-2954x1471
637,"Carr, Dan",seller,dan.carr@example.com,+1-391-665-5481x20401
638,"Butler, Thomas",owner,thomas.butler@example.com,212.237.4659x951
639,"Morris, Jonathan",seller,jonathan.morris@example.com,984.810.1312
640,"Marshall, Jennifer",buyer,jennifer.marshall@example.com,001-420-730-9502
641,"Norton, Joanne",seller,joanne.norton@example.com,780.706.6772x7624
642,"Lee, April",seller,april.lee@example.com,(746)886-6089x52560
643,"Wallace, Lauren",owner,lauren.wallace@example.com,579.481.3929
644,"Davis, James",owner,james.davis@example.com,001-629-523-3669x091
645,"Butler, Kayla",renter,kayla.butler@example.com,979-965-7333x6793
646,"Mata, Justin",owner,justin.mata@example.com,001-716-227-9001
647,"Thornton, Jessica",seller,jessica.thornton@example.com,712-236-7458
648,"Smith, Jennifer",buyer,jennifer.smith@example.com,001-378-596-8296x513
649,"Mccormick, Raymond",renter,raymond.mccormick@example.com,4134224881
650,"Garcia, Mallory",renter,mallory.garcia@example.com,972.499.3747x14690
651,"Carroll, Julia",seller,julia.carroll@example.com,943-671-0366
652,"Bryan, Kayla",owner,kayla.bryan@example.com,001-485-366-3097x263
653,"Carpenter, Kathleen",buyer,kathleen.carpenter@example.com,(951)602-2590x1509
654,"Cooley, Anthony",owner,anthony.cooley@example.com,811-605-4850x601
655,"Black, Justin",buyer,justin.black@example.com,+1-578-718-9963x72273
656,"Morrow, Stacy",buyer,stacy.morrow@example.com,001-420-267-7593x23530
657,"Jones, Daniel",buyer,daniel.jones@example.com,-11040
658,"Mcclain, Nicole",owner,nicole.mcclain@example.com,(288)654-0149x511
659,"Wilson, Jamie",renter,jamie.wilson@example.com,+1-527-233-4704x5212
660,"Ball, Brian",owner,brian.ball@example.com,001-322-934-1732x6775
661,"Bond, Erik",buyer,erik.bond@example.com,463-299-0037x3461
662,"Walsh, Danny",seller,danny.walsh@example.com,(490)988-2904x29494
663,"Moore, Ronald",renter,ronald.moore@example.com,001-559-612-4823x8552
664,"Smith, Jessica",seller,jessica.smith@example.com,001-303-400-3440x3161
665,"Haynes, Gina",owner,gina.haynes@example.com,729.550.5169x1195
666,"Holt, Alex",renter,alex.holt@example.com,001-455-219-5215x0224
667,"Moore, Michael",seller,michael.moore@example.com,277-907-5336
668,"Green, Karen",owner,karen.green@example.com,(662)274-7377
669,"Hines, David",renter,david.hines@example.com,622.202.0133
670,"Austin, Julie",seller,julie.austin@example.com,405.882.8248x0817
671,"Rogers, Anthony",renter,anthony.rogers@example.com,962.681.4304
672,"Morales, Eric",renter,eric.morales@example.com,(427)585-7733
673,"Young, Daniel",owner,daniel.young@example.com,608-793-9001x3366
674,"Huang, Richard",renter,richard.huang@example.com,981-534-6946x5214
675,"Davila, Holly",buyer,holly.davila@example.com,310-526-4057x3847
676,"Thomas, Antonio",renter,antonio.thomas@example.com,001-850-498-0755x7500
677,"Vasquez, Jacqueline",owner,jacqueline.vasquez@example.com,932.938.0207x699
678,"Russo, Lisa",buyer,lisa.russo@example.com,214-771-7060
679,"Arias, Rebecca",renter,rebecca.arias@example.com,462.496.6724x12996
680,"Washington, Stephen",renter,stephen.washington@example.com,7957303936
681,"Hodge, Jose",owner,jose.hodge@example.com,837-544-8870
682,"King, Stephen",seller,stephen.king@example.com,001-648-486-7709
683,"Gibson, Rebekah",renter,rebekah.gibson@example.com,(783)540-3274x75859
684,"Kirk, Joseph",seller,joseph.kirk@example.com,805-888-0865x646
685,"Krueger, Stephanie",buyer,stephanie.krueger@example.com,(894)520-7825
686,"Robinson, Annette",buyer,annette.robinson@example.com,747-680-7459x878
687,"Jenkins, Zoe",owner,zoe.jenkins@example.com,7524681033
688,"Larson, Kyle",owner,kyle.larson@example.com,8375092095
689,"Krueger, Brian",renter,brian.krueger@example.com,9778027792
690,"Garcia, Yvonne",renter,yvonne.garcia@example.com,001-315-871-5538x60207
691,"Ray, Leslie",renter,leslie.ray@example.com,(344)717-5372
692,"French, Amber",seller,amber.french@example.com,(417)832-9939x8952
693,"Quinn, Robin",buyer,robin.quinn@example.com,5583136286
694,"Watts, Jamie",seller,jamie.watts@example.com,001-762-374-0101
695,"Warren, April",buyer,april.warren@example.com,+1-607-585-9377x236
696,"Anderson, Courtney",owner,courtney.anderson@example.com,001-899-754-4877x19580
697,"Douglas, William",buyer,william.douglas@example.com,-2274
698,"Cox, Dawn",seller,dawn.cox@example.com,5486126735
699,"Woodward, Brittney",renter,brittney.woodward@example.com,913-545-7820x3021
700,"Miles, Diana",owner,diana.miles@example.com,001-972-474-0065x903
701,"Dawson, Edward",owner,edward.dawson@example.com,001-705-400-4263
702,"Johnson, Tyler",renter,tyler.johnson@example.com,(726)658-0985
703,"Crosby, Diane",seller,diane.crosby@example.com,(503)704-6410x94605
704,"Rios, Dominique",buyer,dominique.rios@example.com,(627)787-0823
705,"Webb, Terri",seller,terri.webb@example.com,-6595
706,"Sherman, Christopher",buyer,christopher.sherman@example.com,433-682-7976
707,"Rogers, William",buyer,william.rogers@example.com,(510)535-1479
708,"Cannon, Andrew",buyer,andrew.cannon@example.com,(626)951-8420x28286
709,"Garner, Bernard",owner,bernard.garner@example.com,571.221.0818x45155
710,"Wilson, Tonya",seller,tonya.wilson@example.com,001-970-228-1628x7859
711,"Baxter, Jennifer",renter,jennifer.baxter@example.com,001-522-748-3443x26861
712,"Ruiz, Karen",owner,karen.ruiz@example.com,803-591-2459
713,"Thomas, Brian",buyer,brian.thomas@example.com,001-488-568-8762x7459
714,"Klein, Julie",renter,julie.klein@example.com,695-810-0085x3049
715,"Melton, Brent",renter,brent.melton@example.com,001-511-351-6053x63871
716,"Arellano, Annette",buyer,annette.arellano@example.com,206-594-0302x83032
717,"Hill, Lisa",seller,lisa.hill@example.com,-7034
718,"Jones, Elizabeth",buyer,elizabeth.jones@example.com,793-452-7718
719,"Greene, Adrienne",owner,adrienne.greene@example.com,+1-573-482-6147x09840
720,"Harris, Joshua",seller,joshua.harris@example.com,(520)666-5158x80927
721,"Estrada, Yolanda",seller,yolanda.estrada@example.com,7295224957
722,"Hopkins, James",renter,james.hopkins@example.com,678.582.4033x9175
723,"Olson, Brenda",owner,brenda.olson@example.com,001-981-839-2301x405
724,"Parker, Brandy",renter,brandy.parker@example.com,335.901.5029x393
725,"Smith, Jonathon",owner,jonathon.smith@example.com,001-227-515-9231x3949
726,"Lee, John",renter,john.lee@example.com,(994)418-0366x390
727,"Steele, Karen",buyer,karen.steele@example.com,+1-871-251-5509x43853
728,"Smith, Benjamin",seller,benjamin.smith@example.com,913.458.0896x86085
729,"Spence, Gwendolyn",buyer,gwendolyn.spence@example.com,468-707-9906x980
730,"Phillips, Antonio",owner,antonio.phillips@example.com,+1-993-822-0215x480
731,"Larson, Natasha",buyer,natasha.larson@example.com,288-274-2879
732,"Mullins, Katherine",buyer,katherine.mullins@example.com,+1-627-740-5770x5469
733,"Dorsey, Makayla",seller,makayla.dorsey@example.com,6336017589
734,"Douglas, Beth",renter,beth.douglas@example.com,+1-693-968-2801x4054
735,"Lloyd, Daniel",renter,daniel.lloyd@example.com,633-523-2289x576
736,"Castro, Eric",seller,eric.castro@example.com,5499268019
737,"Wall, Gabriel",owner,gabriel.wall@example.com,631.357.4709
738,"Thomas, Ashley",owner,ashley.thomas@example.com,558-232-4458x4323
739,"Joseph, Samantha",seller,samantha.joseph@example.com,353.716.1175
740,"Wilson, Kathryn",renter,kathryn.wilson@example.com,894.611.1789x626
741,"Williams, Corey",owner,corey.williams@example.com,949-904-8229
742,"Richard, Robert",owner,robert.richard@example.com,001-850-603-8143x64367
743,"Perkins, Lisa",buyer,lisa.perkins@example.com,001-807-278-4695x14312
744,"White, Ryan",owner,ryan.white@example.com,001-337-381-5792x8883
745,"Lopez, Donna",buyer,donna.lopez@example.com,414.428.2444
746,"Robinson, Mark",buyer,mark.robinson@example.com,782.647.3299x77296
747,"Thomas, Christina",buyer,christina.thomas@example.com,520-581-3275
748,"Moore, Emily",owner,emily.moore@example.com,566-786-2486
749,"Moore, Cynthia",buyer,cynthia.moore@example.com,001-690-311-6015x87516
750,"Robertson, Tony",buyer,tony.robertson@example.com,-9071
751,"Haynes, Nicholas",seller,nicholas.haynes@example.com,753-758-3457x2604
752,"Carlson, Alexis",buyer,alexis.carlson@example.com,3744313898
753,"Simmons, Anthony",seller,anthony.simmons@example.com,207-689-0428x320
754,"Morris, Ian",buyer,ian.morris@example.com,001-403-921-4412
755,"Wiggins, Michael",owner,michael.wiggins@example.com,837.971.8274
756,"Simpson, Peggy",renter,peggy.simpson@example.com,395-277-7503
757,"Horton, Sarah",owner,sarah.horton@example.com,001-281-336-0119x045
758,"Ingram, Kristen",owner,kristen.ingram@example.com,574-589-8625
759,"Owens, Stephen",buyer,stephen.owens@example.com,(614)366-2494
760,"Hoffman, Jessica",buyer,jessica.hoffman@example.com,(619)347-5534x58602
761,"Morris, Marilyn",owner,marilyn.morris@example.com,+1-285-820-2874x7412
762,"Rios, Steven",buyer,steven.rios@example.com,(974)227-4074x326
763,"Green, James",renter,james.green@example.com,(981)526-4062
764,"Schwartz, Alan",renter,alan.schwartz@example.com,331.224.6490x7917
765,"Hernandez, Sarah",owner,sarah.hernandez@example.com,4416814166
766,"Andrews, Mandy",seller,mandy.andrews@example.com,292.856.3199
767,"Winters, Rebecca",renter,rebecca.winters@example.com,(906)221-9739x02374
768,"Cardenas, Luke",seller,luke.cardenas@example.com,662-600-7239x640
769,"Norton, Sarah",renter,sarah.norton@example.com,(522)665-8091x4728
770,"Hall, Brenda",renter,brenda.hall@example.com,458.329.9811
771,"Rios, Antonio",seller,antonio.rios@example.com,621.996.4703x3742
772,"Patterson, George",renter,george.patterson@example.com,001-824-826-0633x4952
773,"Rose, Thomas",seller,thomas.rose@example.com,+1-576-551-2700x293
774,"Stephens, Paula",seller,paula.stephens@example.com,(299)260-5274
775,"Rodriguez, Stephanie",seller,stephanie.rodriguez@example.com,001-620-573-5337x847
776,"Roberts, Craig",owner,craig.roberts@example.com,(999)436-3481x42338
777,"Smith, Sherry",buyer,sherry.smith@example.com,(471)384-1709x2493
778,"Mack, Nicole",seller,nicole.mack@example.com,(741)779-4604x5553
779,"Salazar, Denise",owner,denise.salazar@example.com,(450)315-9428x89165
780,"Arnold, Adam",owner,adam.arnold@example.com,+1-996-246-6113x6237
781,"Anderson, Lisa",renter,lisa.anderson@example.com,(692)259-0230x793
782,"Nichols, Isaac",owner,isaac.nichols@example.com,(853)720-4430
783,"Richmond, Robert",seller,robert.richmond@example.com,7926657977
784,"Davis, Emma",buyer,emma.davis@example.com,-7148
785,"Garcia, Sandra",buyer,sandra.garcia@example.com,968.277.7403
786,"Glover, Cynthia",buyer,cynthia.glover@example.com,001-962-406-7163x777
787,"Cox, Megan",buyer,megan.cox@example.com,(414)291-8144x07264
788,"Meza, David",owner,david.meza@example.com,5714650254
789,"Martinez, Alex",owner,alex.martinez@example.com,(419)670-4373
790,"Garcia, Linda",seller,linda.garcia@example.com,001-871-616-2236
791,"Campbell, Carlos",renter,carlos.campbell@example.com,001-224-771-6808x882
792,"Woods, Lisa",owner,lisa.woods@example.com,+1-853-238-9334x589
793,"Vaughn, Rebecca",renter,rebecca.vaughn@example.com,760-505-1121x35317
794,"Roberts, Brian",owner,brian.roberts@example.com,4966663712
795,"Chen, Donna",buyer,donna.chen@example.com,(570)695-9553x3728
796,"Bates, Carrie",buyer,carrie.bates@example.com,+1-746-917-4061x6291
797,"Nguyen, Patricia",owner,patricia.nguyen@example.com,589.633.0749
798,"Adams, Cody",seller,cody.adams@example.com,+1-727-453-1346x6374
799,"Curtis, Patrick",buyer,patrick.curtis@example.com,469.627.6630
800,"Peters, Kimberly",owner,kimberly.peters@example.com,001-734-637-3758x436
801,"Fitzgerald, Michael",owner,michael.fitzgerald@example.com,001-225-579-0345
802,"Steele, Melinda",owner,melinda.steele@example.com,888-404-6180
803,"Smith, Jim",buyer,jim.smith@example.com,001-637-684-9424x1804
804,"Ramirez, Stephanie",renter,stephanie.ramirez@example.com,843-636-6217
805,"Robertson, Paul",buyer,paul.robertson@example.com,+1-380-378-3162x39540
806,"Bailey, Eric",owner,eric.bailey@example.com,(888)347-6661x754
807,"Gonzalez, Stephen",renter,stephen.gonzalez@example.com,909-699-1444x34116
808,"White, Billy",owner,billy.white@example.com,763.334.7258x3109
809,"Bradshaw, Karen",owner,karen.bradshaw@example.com,-1756
810,"Gordon, Dawn",renter,dawn.gordon@example.com,(439)373-7051x0767
811,"Kim, Brittany",renter,brittany.kim@example.com,6456614075
812,"Kennedy, Rachel",seller,rachel.kennedy@example.com,292-770-6761x538
813,"Francis, Derek",buyer,derek.francis@example.com,(648)781-0681x8176
814,"Lynn, Kimberly",seller,kimberly.lynn@example.com,616.864.6725x19607
815,"Peters, Jimmy",owner,jimmy.peters@example.com,(760)311-1864x86853
816,"Phillips, Joe",renter,joe.phillips@example.com,(827)688-2704x2513
817,"Mora, Andrea",buyer,andrea.mora@example.com,(872)475-5608
818,"Watkins, Robert",owner,robert.watkins@example.com,+1-950-749-8380x859
819,"Barrett, Tina",owner,tina.barrett@example.com,798-445-0093
820,"Bennett, David",buyer,david.bennett@example.com,001-860-334-9022x54397
821,"Novak, David",seller,david.novak@example.com,239.285.3696
822,"Reyes, Laura",seller,laura.reyes@example.com,873.897.6912x0059
823,"Wilson, Brittney",buyer,brittney.wilson@example.com,799.358.6519
824,"Dean, Rebecca",owner,rebecca.dean@example.com,001-406-972-0859x02570
825,"Mcdonald, Courtney",owner,courtney.mcdonald@example.com,523.285.3527
826,"Walker, Carrie",seller,carrie.walker@example.com,(863)921-9949
827,"Martin, Miguel",renter,miguel.martin@example.com,+1-953-702-6436x386
828,"Mitchell, Amanda",buyer,amanda.mitchell@example.com,471-686-8709x60034
829,"Martinez, Melanie",owner,melanie.martinez@example.com,336.487.8029x9620
830,"Carr, Kelly",seller,kelly.carr@example.com,786.538.0162x8761
831,"Waters, Michael",seller,michael.waters@example.com,001-546-988-4654x0812
832,"Hernandez, Cheryl",owner,cheryl.hernandez@example.com,(794)251-3941x85954
833,"Bennett, Stephanie",renter,stephanie.bennett@example.com,+1-611-663-5073x582
834,"Robinson, Angelica",renter,angelica.robinson@example.com,(876)494-3826
835,"Armstrong, Christopher",seller,christopher.armstrong@example.com,(289)492-5336x090
836,"Alexander, Paul",owner,paul.alexander@example.com,513.590.4093x69682
837,"Cervantes, Kristin",owner,kristin.cervantes@example.com,+1-942-952-5169x514
838,"Davis, Joseph",owner,joseph.davis@example.com,840.994.7012x16870
839,"Herman, Robert",owner,robert.herman@example.com,317.812.8974x614
840,"Vaughan, Antonio",owner,antonio.vaughan@example.com,(760)898-2305x742
841,"Gonzales, Melissa",buyer,melissa.gonzales@example.com,201.565.9416
842,"Ponce, Collin",owner,collin.ponce@example.com,945-952-7690x992
843,"Wells, Jacob",buyer,jacob.wells@example.com,820-509-7561x797
844,"Rodriguez, Kelly",seller,kelly.rodriguez@example.com,871-492-4430
845,"Evans, Daniel",seller,daniel.evans@example.com,2868618748
846,"Price, Deanna",seller,deanna.price@example.com,001-293-826-6462
847,"Valentine, Michelle",owner,michelle.valentine@example.com,+1-628-391-8582x176
848,"Smith, Malik",renter,malik.smith@example.com,(447)258-0473
849,"Solomon, Kenneth",renter,kenneth.solomon@example.com,798.465.6651
850,"Jenkins, Tracy",renter,tracy.jenkins@example.com,841-367-6120
851,"Porter, Sonia",seller,sonia.porter@example.com,6425669052
852,"Smith, Courtney",buyer,courtney.smith@example.com,(228)925-5489
853,"Thompson, Carolyn",renter,carolyn.thompson@example.com,(687)494-8105x8557
854,"Brewer, Mariah",owner,mariah.brewer@example.com,440-730-4501
855,"Rogers, Heather",renter,heather.rogers@example.com,817-941-1699x10072
856,"Miller, Gina",owner,gina.miller@example.com,953-246-9247x137
857,"Morales, Wyatt",seller,wyatt.morales@example.com,-9995
858,"Olson, Richard",seller,richard.olson@example.com,(912)749-3276x3679
859,"Stewart, Jessica",seller,jessica.stewart@example.com,788-487-5119x082
860,"Jones, Andrew",owner,andrew.jones@example.com,001-597-971-4745x7398
861,"Wise, Corey",renter,corey.wise@example.com,001-217-378-8776x812
862,"Ruiz, Krystal",renter,krystal.ruiz@example.com,783.737.4241
863,"Nguyen, David",buyer,david.nguyen@example.com,842.418.9967x444
864,"Ball, Jeffrey",owner,jeffrey.ball@example.com,993-332-8295
865,"Montgomery, Jorge",buyer,jorge.montgomery@example.com,(250)603-5318x51731
866,"Saunders, Allison",seller,allison.saunders@example.com,(667)889-9100x179
867,"Henry, Kevin",buyer,kevin.henry@example.com,510.682.5235x6270
868,"Eaton, Ana",renter,ana.eaton@example.com,-9980
869,"Hernandez, Lori",owner,lori.hernandez@example.com,-2713
870,"Sampson, Tabitha",owner,tabitha.sampson@example.com,430-712-4436x649
871,"Massey, Jason",buyer,jason.massey@example.com,(558)345-1872x30324
872,"Smith, Desiree",buyer,desiree.smith@example.com,001-698-352-1071
873,"Turner, Melissa",seller,melissa.turner@example.com,(890)574-7624
874,"Galvan, Reginald",owner,reginald.galvan@example.com,001-830-451-0770x317
875,"Hubbard, Sara",renter,sara.hubbard@example.com,3546020574
876,"Vazquez, Heather",owner,heather.vazquez@example.com,202-751-6860x39547
877,"Washington, Heather",renter,heather.washington@example.com,601.547.5839x155
878,"Reid, Timothy",buyer,timothy.reid@example.com,807.321.5533x28589
879,"Black, Justin",renter,justin.black@example.com,361-998-4681
880,"Williams, Megan",owner,megan.williams@example.com,+1-659-509-5294x1479
881,"Bowen, Eric",seller,eric.bowen@example.com,-9816
882,"Herrera, Melissa",seller,melissa.herrera@example.com,935-492-9277x31522
883,"Mann, Nichole",renter,nichole.mann@example.com,205.227.8861x969
884,"Cox, Paul",renter,paul.cox@example.com,(676)354-7311
885,"Dennis, Alyssa",owner,alyssa.dennis@example.com,-7509
886,"Taylor, Christopher",renter,christopher.taylor@example.com,796-939-3675
887,"Medina, Kristina",renter,kristina.medina@example.com,001-431-324-0674
888,"Perez, James",owner,james.perez@example.com,884-666-4642
889,"Pearson, Sara",owner,sara.pearson@example.com,001-557-325-3051x9232
890,"Barton, Christine",owner,christine.barton@example.com,-1613
891,"Barrera, Michael",owner,michael.barrera@example.com,474-307-3942
892,"Fritz, Paul",owner,paul.fritz@example.com,555.424.7629x02014
893,"Mitchell, Thomas",buyer,thomas.mitchell@example.com,982-395-0899x46942
894,"Thomas, Edward",renter,edward.thomas@example.com,(372)228-5118
895,"Cross, Jeff",owner,jeff.cross@example.com,693-443-1892x06239
896,"Freeman, Nicholas",seller,nicholas.freeman@example.com,001-648-210-5243x51421
897,"Pierce, Michael",seller,michael.pierce@example.com,001-288-814-1148
898,"Mcbride, Loretta",buyer,loretta.mcbride@example.com,-6226
899,"Russo, Samantha",seller,samantha.russo@example.com,417-373-3245x1390
900,"Buchanan, Philip",renter,philip.buchanan@example.com,933.768.2441
901,"Hancock, Emily",buyer,emily.hancock@example.com,+1-402-424-3208x2864
902,"Wilson, Danielle",owner,danielle.wilson@example.com,(501)982-6293x87901
903,"Hicks, David",seller,david.hicks@example.com,(360)812-7420
904,"Coleman, Bryan",owner,bryan.coleman@example.com,512-941-0990
905,"Cox, Jesse",owner,jesse.cox@example.com,782-490-7002x63330
906,"Barber, Tammy",seller,tammy.barber@example.com,6112107776
907,"Lyons, Daniel",owner,daniel.lyons@example.com,757.420.3729x581
908,"Jacobs, Traci",renter,traci.jacobs@example.com,+1-238-563-3234x04014
909,"Roth, Joanna",buyer,joanna.roth@example.com,338.453.3647
910,"Turner, Tanya",buyer,tanya.turner@example.com,-2077
911,"Mclaughlin, Jennifer",owner,jennifer.mclaughlin@example.com,8119744168
912,"Riley, Cody",seller,cody.riley@example.com,710-574-5370
913,"Weaver, Allison",seller,allison.weaver@example.com,243-476-8844x506
914,"Schwartz, Gregory",seller,gregory.schwartz@example.com,6818584311
915,"Herrera, Katherine",seller,katherine.herrera@example.com,628-574-6485
916,"Holt, Rebecca",owner,rebecca.holt@example.com,+1-303-552-4909x968
917,"Williams, Joseph",buyer,joseph.williams@example.com,+1-863-808-0616x8347
918,"Martin, John",owner,john.martin@example.com,001-861-717-2079x3583
919,"Reed, Jasmine",renter,jasmine.reed@example.com,556-409-8062
920,"Sharp, Ellen",renter,ellen.sharp@example.com,001-790-727-0706x95112
921,"Bernard, Marvin",owner,marvin.bernard@example.com,743-703-0526x615
922,"Moore, Harold",buyer,harold.moore@example.com,(297)889-7414x680
923,"Savage, Lori",seller,lori.savage@example.com,838.464.4351
924,"Mcdaniel, Victor",buyer,victor.mcdaniel@example.com,715-506-2186
925,"Schwartz, James",seller,james.schwartz@example.com,(533)772-9574x2495
926,"Barajas, Christopher",renter,christopher.barajas@example.com,(708)934-5785x4016
927,"Gallagher, Christian",renter,christian.gallagher@example.com,356-771-7811x45376
928,"Davis, Christine",owner,christine.davis@example.com,734-911-5089
929,"Lindsey, Zachary",renter,zachary.lindsey@example.com,+1-731-594-9604x91698
930,"Thompson, Diana",renter,diana.thompson@example.com,+1-968-313-4829x8084
931,"Richards, Brittany",renter,brittany.richards@example.com,5678519869
932,"Johnson, Debra",owner,debra.johnson@example.com,685-928-8957x5306
933,"Vargas, Michelle",buyer,michelle.vargas@example.com,796-768-8440
934,"Monroe, Lance",buyer,lance.monroe@example.com,(580)719-1625
935,"Taylor, Carolyn",renter,carolyn.taylor@example.com,897-740-7382x4291
936,"Molina, Catherine",renter,catherine.molina@example.com,001-559-722-8098x8802
937,"Collins, Kenneth",owner,kenneth.collins@example.com,282.285.8962x11941
938,"Campbell, Sean",renter,sean.campbell@example.com,001-468-662-1153x08463
939,"Miles, James",seller,james.miles@example.com,796-844-1862x29126
940,"Foley, William",renter,william.foley@example.com,(568)789-0048
941,"Adams, Cameron",seller,cameron.adams@example.com,(442)855-0368
942,"Parker, Douglas",renter,douglas.parker@example.com,562.652.5611x993
943,"Perez, Bonnie",buyer,bonnie.perez@example.com,+1-407-801-7255x78053
944,"Hughes, Lindsey",buyer,lindsey.hughes@example.com,883-671-5053
945,"Smith, Anthony",owner,anthony.smith@example.com,986-541-3717
946,"Long, Devin",buyer,devin.long@example.com,627.856.1414
947,"Hudson, Christopher",seller,christopher.hudson@example.com,587-278-1835
948,"Dixon, Nancy",buyer,nancy.dixon@example.com,873.357.1828x0210
949,"Rocha, Stacy",owner,stacy.rocha@example.com,794-708-3890x5607
950,"Beasley, Marcus",buyer,marcus.beasley@example.com,+1-761-690-3997x9203
951,"Chavez, Lisa",seller,lisa.chavez@example.com,614.376.7035x83155
952,"Larson, Chloe",seller,chloe.larson@example.com,001-517-560-8501
953,"Baker, Bridget",seller,bridget.baker@example.com,(233)634-8414x94772
954,"Thomas, John",buyer,john.thomas@example.com,241-338-0584x8343
955,"Pace, Marc",renter,marc.pace@example.com,2536390294
956,"Williamson, Tyrone",buyer,tyrone.williamson@example.com,(380)690-9307x8003
957,"Torres, Rachel",renter,rachel.torres@example.com,825-771-2074x7160
958,"King, Anne",renter,anne.king@example.com,(490)384-3282
959,"Woodard, Dale",renter,dale.woodard@example.com,744.237.0719x040
960,"Frazier, Kimberly",seller,kimberly.frazier@example.com,4312903528
961,"Bernard, Francisco",owner,francisco.bernard@example.com,(633)988-0256x40219
962,"Dillon, Ryan",seller,ryan.dillon@example.com,584.377.7781x4014
963,"Hall, Ricardo",renter,ricardo.hall@example.com,337.423.6490x231
964,"Coleman, Logan",owner,logan.coleman@example.com,(943)234-6585x56549
965,"Salazar, Jerry",renter,jerry.salazar@example.com,(729)945-7508
966,"Anderson, Stephanie",renter,stephanie.anderson@example.com,-4948
967,"Romero, Shawn",seller,shawn.romero@example.com,-11132
968,"Hall, Joel",seller,joel.hall@example.com,001-229-735-8880
969,"Carter, Frank",buyer,frank.carter@example.com,272-551-3116
970,"Baker, Justin",seller,justin.baker@example.com,+1-528-563-5670x2779
971,"Greene, Sandra",buyer,sandra.greene@example.com,799-293-3824x34512
972,"Browning, Tyler",renter,tyler.browning@example.com,444.877.5534
973,"Bishop, Christine",seller,christine.bishop@example.com,001-581-513-7794
974,"Ritter, Megan",renter,megan.ritter@example.com,(963)548-8305x864
975,"Peterson, Maria",buyer,maria.peterson@example.com,001-745-767-2490x6730
976,"Oconnell, Richard",owner,richard.oconnell@example.com,(745)493-6677
977,"Mclaughlin, Andrew",seller,andrew.mclaughlin@example.com,735.403.7579x0476
978,"Adams, Rachel",renter,rachel.adams@example.com,(226)998-5695
979,"Gray, Michael",buyer,michael.gray@example.com,372.894.2360
980,"Anderson, Timothy",buyer,timothy.anderson@example.com,001-261-379-8053x409
981,"Patterson, Linda",renter,linda.patterson@example.com,868.871.4376
982,"Durham, Kendra",renter,kendra.durham@example.com,+1-808-557-4951x0355
983,"Perez, Kyle",owner,kyle.perez@example.com,741.905.9332
984,"Jones, Dorothy",renter,dorothy.jones@example.com,8054234112
985,"Jimenez, Tracie",owner,tracie.jimenez@example.com,(360)595-5126x621
986,"Gallagher, Wanda",renter,wanda.gallagher@example.com,207.274.7753x2721
987,"Schmidt, Ashley",buyer,ashley.schmidt@example.com,001-609-676-1807x60164
988,"Anderson, Jacqueline",seller,jacqueline.anderson@example.com,001-779-789-7343x04237
989,"Valenzuela, Brandon",seller,brandon.valenzuela@example.com,(703)426-8818x22383
990,"Nelson, April",owner,april.nelson@example.com,3237695599
991,"Phelps, Andrea",seller,andrea.phelps@example.com,765-588-4471x577
992,"Meyer, Valerie",renter,valerie.meyer@example.com,(846)291-7834
993,"Bishop, Christian",seller,christian.bishop@example.com,(724)277-5263
994,"Collins, Donald",seller,donald.collins@example.com,777.696.9479x521
995,"Morgan, Nathan",renter,nathan.morgan@example.com,246.403.0265
996,"Horton, Martin",seller,martin.horton@example.com,489-865-0219x64890
997,"Rich, David",buyer,david.rich@example.com,817-797-4913
998,"Vega, Robert",buyer,robert.vega@example.com,(958)510-7518x6761
999,"Jimenez, Maria",seller,maria.jimenez@example.com,899-394-4893
1000,"Miller, Brandon",seller,brandon.miller@example.com,+1-345-259-2125x79362
