image_id,property_id,image_url
1,1,http://placeholder.image/property_1.jpg
2,2,http://placeholder.image/property_2.jpg
3,3,http://placeholder.image/property_3.jpg
4,4,http://placeholder.image/property_4.jpg
5,5,http://placeholder.image/property_5.jpg
6,6,http://placeholder.image/property_6.jpg
7,7,http://placeholder.image/property_7.jpg
8,8,http://placeholder.image/property_8.jpg
9,9,http://placeholder.image/property_9.jpg
10,10,http://placeholder.image/property_10.jpg
11,11,http://placeholder.image/property_11.jpg
12,12,http://placeholder.image/property_12.jpg
13,13,http://placeholder.image/property_13.jpg
14,14,http://placeholder.image/property_14.jpg
15,15,http://placeholder.image/property_15.jpg
16,16,http://placeholder.image/property_16.jpg
17,17,http://placeholder.image/property_17.jpg
18,18,http://placeholder.image/property_18.jpg
19,19,http://placeholder.image/property_19.jpg
20,20,http://placeholder.image/property_20.jpg
21,21,http://placeholder.image/property_21.jpg
22,22,http://placeholder.image/property_22.jpg
23,23,http://placeholder.image/property_23.jpg
24,24,http://placeholder.image/property_24.jpg
25,25,http://placeholder.image/property_25.jpg
26,26,http://placeholder.image/property_26.jpg
27,27,http://placeholder.image/property_27.jpg
28,28,http://placeholder.image/property_28.jpg
29,29,http://placeholder.image/property_29.jpg
30,30,http://placeholder.image/property_30.jpg
31,31,http://placeholder.image/property_31.jpg
32,32,http://placeholder.image/property_32.jpg
33,33,http://placeholder.image/property_33.jpg
34,34,http://placeholder.image/property_34.jpg
35,35,http://placeholder.image/property_35.jpg
36,36,http://placeholder.image/property_36.jpg
37,37,http://placeholder.image/property_37.jpg
38,38,http://placeholder.image/property_38.jpg
39,39,http://placeholder.image/property_39.jpg
40,40,http://placeholder.image/property_40.jpg
41,41,http://placeholder.image/property_41.jpg
42,42,http://placeholder.image/property_42.jpg
43,43,http://placeholder.image/property_43.jpg
44,44,http://placeholder.image/property_44.jpg
45,45,http://placeholder.image/property_45.jpg
46,46,http://placeholder.image/property_46.jpg
47,47,http://placeholder.image/property_47.jpg
48,48,http://placeholder.image/property_48.jpg
49,49,http://placeholder.image/property_49.jpg
50,50,http://placeholder.image/property_50.jpg
51,51,http://placeholder.image/property_51.jpg
52,52,http://placeholder.image/property_52.jpg
53,53,http://placeholder.image/property_53.jpg
54,54,http://placeholder.image/property_54.jpg
55,55,http://placeholder.image/property_55.jpg
56,56,http://placeholder.image/property_56.jpg
57,57,http://placeholder.image/property_57.jpg
58,58,http://placeholder.image/property_58.jpg
59,59,http://placeholder.image/property_59.jpg
60,60,http://placeholder.image/property_60.jpg
61,61,http://placeholder.image/property_61.jpg
62,62,http://placeholder.image/property_62.jpg
63,63,http://placeholder.image/property_63.jpg
64,64,http://placeholder.image/property_64.jpg
65,65,http://placeholder.image/property_65.jpg
66,66,http://placeholder.image/property_66.jpg
67,67,http://placeholder.image/property_67.jpg
68,68,http://placeholder.image/property_68.jpg
69,69,http://placeholder.image/property_69.jpg
70,70,http://placeholder.image/property_70.jpg
71,71,http://placeholder.image/property_71.jpg
72,72,http://placeholder.image/property_72.jpg
73,73,http://placeholder.image/property_73.jpg
74,74,http://placeholder.image/property_74.jpg
75,75,http://placeholder.image/property_75.jpg
76,76,http://placeholder.image/property_76.jpg
77,77,http://placeholder.image/property_77.jpg
78,78,http://placeholder.image/property_78.jpg
79,79,http://placeholder.image/property_79.jpg
80,80,http://placeholder.image/property_80.jpg
81,81,http://placeholder.image/property_81.jpg
82,82,http://placeholder.image/property_82.jpg
83,83,http://placeholder.image/property_83.jpg
84,84,http://placeholder.image/property_84.jpg
85,85,http://placeholder.image/property_85.jpg
86,86,http://placeholder.image/property_86.jpg
87,87,http://placeholder.image/property_87.jpg
88,88,http://placeholder.image/property_88.jpg
89,89,http://placeholder.image/property_89.jpg
90,90,http://placeholder.image/property_90.jpg
91,91,http://placeholder.image/property_91.jpg
92,92,http://placeholder.image/property_92.jpg
93,93,http://placeholder.image/property_93.jpg
94,94,http://placeholder.image/property_94.jpg
95,95,http://placeholder.image/property_95.jpg
96,96,http://placeholder.image/property_96.jpg
97,97,http://placeholder.image/property_97.jpg
98,98,http://placeholder.image/property_98.jpg
99,99,http://placeholder.image/property_99.jpg
100,100,http://placeholder.image/property_100.jpg
101,101,http://placeholder.image/property_101.jpg
102,102,http://placeholder.image/property_102.jpg
103,103,http://placeholder.image/property_103.jpg
104,104,http://placeholder.image/property_104.jpg
105,105,http://placeholder.image/property_105.jpg
106,106,http://placeholder.image/property_106.jpg
107,107,http://placeholder.image/property_107.jpg
108,108,http://placeholder.image/property_108.jpg
109,109,http://placeholder.image/property_109.jpg
110,110,http://placeholder.image/property_110.jpg
111,111,http://placeholder.image/property_111.jpg
112,112,http://placeholder.image/property_112.jpg
113,113,http://placeholder.image/property_113.jpg
114,114,http://placeholder.image/property_114.jpg
115,115,http://placeholder.image/property_115.jpg
116,116,http://placeholder.image/property_116.jpg
117,117,http://placeholder.image/property_117.jpg
118,118,http://placeholder.image/property_118.jpg
119,119,http://placeholder.image/property_119.jpg
120,120,http://placeholder.image/property_120.jpg
121,121,http://placeholder.image/property_121.jpg
122,122,http://placeholder.image/property_122.jpg
123,123,http://placeholder.image/property_123.jpg
124,124,http://placeholder.image/property_124.jpg
125,125,http://placeholder.image/property_125.jpg
126,126,http://placeholder.image/property_126.jpg
127,127,http://placeholder.image/property_127.jpg
128,128,http://placeholder.image/property_128.jpg
129,129,http://placeholder.image/property_129.jpg
130,130,http://placeholder.image/property_130.jpg
131,131,http://placeholder.image/property_131.jpg
132,132,http://placeholder.image/property_132.jpg
133,133,http://placeholder.image/property_133.jpg
134,134,http://placeholder.image/property_134.jpg
135,135,http://placeholder.image/property_135.jpg
136,136,http://placeholder.image/property_136.jpg
137,137,http://placeholder.image/property_137.jpg
138,138,http://placeholder.image/property_138.jpg
139,139,http://placeholder.image/property_139.jpg
140,140,http://placeholder.image/property_140.jpg
141,141,http://placeholder.image/property_141.jpg
142,142,http://placeholder.image/property_142.jpg
143,143,http://placeholder.image/property_143.jpg
144,144,http://placeholder.image/property_144.jpg
145,145,http://placeholder.image/property_145.jpg
146,146,http://placeholder.image/property_146.jpg
147,147,http://placeholder.image/property_147.jpg
148,148,http://placeholder.image/property_148.jpg
149,149,http://placeholder.image/property_149.jpg
150,150,http://placeholder.image/property_150.jpg
151,151,http://placeholder.image/property_151.jpg
152,152,http://placeholder.image/property_152.jpg
153,153,http://placeholder.image/property_153.jpg
154,154,http://placeholder.image/property_154.jpg
155,155,http://placeholder.image/property_155.jpg
156,156,http://placeholder.image/property_156.jpg
157,157,http://placeholder.image/property_157.jpg
158,158,http://placeholder.image/property_158.jpg
159,159,http://placeholder.image/property_159.jpg
160,160,http://placeholder.image/property_160.jpg
161,161,http://placeholder.image/property_161.jpg
162,162,http://placeholder.image/property_162.jpg
163,163,http://placeholder.image/property_163.jpg
164,164,http://placeholder.image/property_164.jpg
165,165,http://placeholder.image/property_165.jpg
166,166,http://placeholder.image/property_166.jpg
167,167,http://placeholder.image/property_167.jpg
168,168,http://placeholder.image/property_168.jpg
169,169,http://placeholder.image/property_169.jpg
170,170,http://placeholder.image/property_170.jpg
171,171,http://placeholder.image/property_171.jpg
172,172,http://placeholder.image/property_172.jpg
173,173,http://placeholder.image/property_173.jpg
174,174,http://placeholder.image/property_174.jpg
175,175,http://placeholder.image/property_175.jpg
176,176,http://placeholder.image/property_176.jpg
177,177,http://placeholder.image/property_177.jpg
178,178,http://placeholder.image/property_178.jpg
179,179,http://placeholder.image/property_179.jpg
180,180,http://placeholder.image/property_180.jpg
181,181,http://placeholder.image/property_181.jpg
182,182,http://placeholder.image/property_182.jpg
183,183,http://placeholder.image/property_183.jpg
184,184,http://placeholder.image/property_184.jpg
185,185,http://placeholder.image/property_185.jpg
186,186,http://placeholder.image/property_186.jpg
187,187,http://placeholder.image/property_187.jpg
188,188,http://placeholder.image/property_188.jpg
189,189,http://placeholder.image/property_189.jpg
190,190,http://placeholder.image/property_190.jpg
191,191,http://placeholder.image/property_191.jpg
192,192,http://placeholder.image/property_192.jpg
193,193,http://placeholder.image/property_193.jpg
194,194,http://placeholder.image/property_194.jpg
195,195,http://placeholder.image/property_195.jpg
196,196,http://placeholder.image/property_196.jpg
197,197,http://placeholder.image/property_197.jpg
198,198,http://placeholder.image/property_198.jpg
199,199,http://placeholder.image/property_199.jpg
200,200,http://placeholder.image/property_200.jpg
201,201,http://placeholder.image/property_201.jpg
202,202,http://placeholder.image/property_202.jpg
203,203,http://placeholder.image/property_203.jpg
204,204,http://placeholder.image/property_204.jpg
205,205,http://placeholder.image/property_205.jpg
206,206,http://placeholder.image/property_206.jpg
207,207,http://placeholder.image/property_207.jpg
208,208,http://placeholder.image/property_208.jpg
209,209,http://placeholder.image/property_209.jpg
210,210,http://placeholder.image/property_210.jpg
211,211,http://placeholder.image/property_211.jpg
212,212,http://placeholder.image/property_212.jpg
213,213,http://placeholder.image/property_213.jpg
214,214,http://placeholder.image/property_214.jpg
215,215,http://placeholder.image/property_215.jpg
216,216,http://placeholder.image/property_216.jpg
217,217,http://placeholder.image/property_217.jpg
218,218,http://placeholder.image/property_218.jpg
219,219,http://placeholder.image/property_219.jpg
220,220,http://placeholder.image/property_220.jpg
221,221,http://placeholder.image/property_221.jpg
222,222,http://placeholder.image/property_222.jpg
223,223,http://placeholder.image/property_223.jpg
224,224,http://placeholder.image/property_224.jpg
225,225,http://placeholder.image/property_225.jpg
226,226,http://placeholder.image/property_226.jpg
227,227,http://placeholder.image/property_227.jpg
228,228,http://placeholder.image/property_228.jpg
229,229,http://placeholder.image/property_229.jpg
230,230,http://placeholder.image/property_230.jpg
231,231,http://placeholder.image/property_231.jpg
232,232,http://placeholder.image/property_232.jpg
233,233,http://placeholder.image/property_233.jpg
234,234,http://placeholder.image/property_234.jpg
235,235,http://placeholder.image/property_235.jpg
236,236,http://placeholder.image/property_236.jpg
237,237,http://placeholder.image/property_237.jpg
238,238,http://placeholder.image/property_238.jpg
239,239,http://placeholder.image/property_239.jpg
240,240,http://placeholder.image/property_240.jpg
241,241,http://placeholder.image/property_241.jpg
242,242,http://placeholder.image/property_242.jpg
243,243,http://placeholder.image/property_243.jpg
244,244,http://placeholder.image/property_244.jpg
245,245,http://placeholder.image/property_245.jpg
246,246,http://placeholder.image/property_246.jpg
247,247,http://placeholder.image/property_247.jpg
248,248,http://placeholder.image/property_248.jpg
249,249,http://placeholder.image/property_249.jpg
250,250,http://placeholder.image/property_250.jpg
251,251,http://placeholder.image/property_251.jpg
252,252,http://placeholder.image/property_252.jpg
253,253,http://placeholder.image/property_253.jpg
254,254,http://placeholder.image/property_254.jpg
255,255,http://placeholder.image/property_255.jpg
256,256,http://placeholder.image/property_256.jpg
257,257,http://placeholder.image/property_257.jpg
258,258,http://placeholder.image/property_258.jpg
259,259,http://placeholder.image/property_259.jpg
260,260,http://placeholder.image/property_260.jpg
261,261,http://placeholder.image/property_261.jpg
262,262,http://placeholder.image/property_262.jpg
263,263,http://placeholder.image/property_263.jpg
264,264,http://placeholder.image/property_264.jpg
265,265,http://placeholder.image/property_265.jpg
266,266,http://placeholder.image/property_266.jpg
267,267,http://placeholder.image/property_267.jpg
268,268,http://placeholder.image/property_268.jpg
269,269,http://placeholder.image/property_269.jpg
270,270,http://placeholder.image/property_270.jpg
271,271,http://placeholder.image/property_271.jpg
272,272,http://placeholder.image/property_272.jpg
273,273,http://placeholder.image/property_273.jpg
274,274,http://placeholder.image/property_274.jpg
275,275,http://placeholder.image/property_275.jpg
276,276,http://placeholder.image/property_276.jpg
277,277,http://placeholder.image/property_277.jpg
278,278,http://placeholder.image/property_278.jpg
279,279,http://placeholder.image/property_279.jpg
280,280,http://placeholder.image/property_280.jpg
281,281,http://placeholder.image/property_281.jpg
282,282,http://placeholder.image/property_282.jpg
283,283,http://placeholder.image/property_283.jpg
284,284,http://placeholder.image/property_284.jpg
285,285,http://placeholder.image/property_285.jpg
286,286,http://placeholder.image/property_286.jpg
287,287,http://placeholder.image/property_287.jpg
288,288,http://placeholder.image/property_288.jpg
289,289,http://placeholder.image/property_289.jpg
290,290,http://placeholder.image/property_290.jpg
291,291,http://placeholder.image/property_291.jpg
292,292,http://placeholder.image/property_292.jpg
293,293,http://placeholder.image/property_293.jpg
294,294,http://placeholder.image/property_294.jpg
295,295,http://placeholder.image/property_295.jpg
296,296,http://placeholder.image/property_296.jpg
297,297,http://placeholder.image/property_297.jpg
298,298,http://placeholder.image/property_298.jpg
299,299,http://placeholder.image/property_299.jpg
300,300,http://placeholder.image/property_300.jpg
301,301,http://placeholder.image/property_301.jpg
302,302,http://placeholder.image/property_302.jpg
303,303,http://placeholder.image/property_303.jpg
304,304,http://placeholder.image/property_304.jpg
305,305,http://placeholder.image/property_305.jpg
306,306,http://placeholder.image/property_306.jpg
307,307,http://placeholder.image/property_307.jpg
308,308,http://placeholder.image/property_308.jpg
309,309,http://placeholder.image/property_309.jpg
310,310,http://placeholder.image/property_310.jpg
311,311,http://placeholder.image/property_311.jpg
312,312,http://placeholder.image/property_312.jpg
313,313,http://placeholder.image/property_313.jpg
314,314,http://placeholder.image/property_314.jpg
315,315,http://placeholder.image/property_315.jpg
316,316,http://placeholder.image/property_316.jpg
317,317,http://placeholder.image/property_317.jpg
318,318,http://placeholder.image/property_318.jpg
319,319,http://placeholder.image/property_319.jpg
320,320,http://placeholder.image/property_320.jpg
321,321,http://placeholder.image/property_321.jpg
322,322,http://placeholder.image/property_322.jpg
323,323,http://placeholder.image/property_323.jpg
324,324,http://placeholder.image/property_324.jpg
325,325,http://placeholder.image/property_325.jpg
326,326,http://placeholder.image/property_326.jpg
327,327,http://placeholder.image/property_327.jpg
328,328,http://placeholder.image/property_328.jpg
329,329,http://placeholder.image/property_329.jpg
330,330,http://placeholder.image/property_330.jpg
331,331,http://placeholder.image/property_331.jpg
332,332,http://placeholder.image/property_332.jpg
333,333,http://placeholder.image/property_333.jpg
334,334,http://placeholder.image/property_334.jpg
335,335,http://placeholder.image/property_335.jpg
336,336,http://placeholder.image/property_336.jpg
337,337,http://placeholder.image/property_337.jpg
338,338,http://placeholder.image/property_338.jpg
339,339,http://placeholder.image/property_339.jpg
340,340,http://placeholder.image/property_340.jpg
341,341,http://placeholder.image/property_341.jpg
342,342,http://placeholder.image/property_342.jpg
343,343,http://placeholder.image/property_343.jpg
344,344,http://placeholder.image/property_344.jpg
345,345,http://placeholder.image/property_345.jpg
346,346,http://placeholder.image/property_346.jpg
347,347,http://placeholder.image/property_347.jpg
348,348,http://placeholder.image/property_348.jpg
349,349,http://placeholder.image/property_349.jpg
350,350,http://placeholder.image/property_350.jpg
351,351,http://placeholder.image/property_351.jpg
352,352,http://placeholder.image/property_352.jpg
353,353,http://placeholder.image/property_353.jpg
354,354,http://placeholder.image/property_354.jpg
355,355,http://placeholder.image/property_355.jpg
356,356,http://placeholder.image/property_356.jpg
357,357,http://placeholder.image/property_357.jpg
358,358,http://placeholder.image/property_358.jpg
359,359,http://placeholder.image/property_359.jpg
360,360,http://placeholder.image/property_360.jpg
361,361,http://placeholder.image/property_361.jpg
362,362,http://placeholder.image/property_362.jpg
363,363,http://placeholder.image/property_363.jpg
364,364,http://placeholder.image/property_364.jpg
365,365,http://placeholder.image/property_365.jpg
366,366,http://placeholder.image/property_366.jpg
367,367,http://placeholder.image/property_367.jpg
368,368,http://placeholder.image/property_368.jpg
369,369,http://placeholder.image/property_369.jpg
370,370,http://placeholder.image/property_370.jpg
371,371,http://placeholder.image/property_371.jpg
372,372,http://placeholder.image/property_372.jpg
373,373,http://placeholder.image/property_373.jpg
374,374,http://placeholder.image/property_374.jpg
375,375,http://placeholder.image/property_375.jpg
376,376,http://placeholder.image/property_376.jpg
377,377,http://placeholder.image/property_377.jpg
378,378,http://placeholder.image/property_378.jpg
379,379,http://placeholder.image/property_379.jpg
380,380,http://placeholder.image/property_380.jpg
381,381,http://placeholder.image/property_381.jpg
382,382,http://placeholder.image/property_382.jpg
383,383,http://placeholder.image/property_383.jpg
384,384,http://placeholder.image/property_384.jpg
385,385,http://placeholder.image/property_385.jpg
386,386,http://placeholder.image/property_386.jpg
387,387,http://placeholder.image/property_387.jpg
388,388,http://placeholder.image/property_388.jpg
389,389,http://placeholder.image/property_389.jpg
390,390,http://placeholder.image/property_390.jpg
391,391,http://placeholder.image/property_391.jpg
392,392,http://placeholder.image/property_392.jpg
393,393,http://placeholder.image/property_393.jpg
394,394,http://placeholder.image/property_394.jpg
395,395,http://placeholder.image/property_395.jpg
396,396,http://placeholder.image/property_396.jpg
397,397,http://placeholder.image/property_397.jpg
398,398,http://placeholder.image/property_398.jpg
399,399,http://placeholder.image/property_399.jpg
400,400,http://placeholder.image/property_400.jpg
401,401,http://placeholder.image/property_401.jpg
402,402,http://placeholder.image/property_402.jpg
403,403,http://placeholder.image/property_403.jpg
404,404,http://placeholder.image/property_404.jpg
405,405,http://placeholder.image/property_405.jpg
406,406,http://placeholder.image/property_406.jpg
407,407,http://placeholder.image/property_407.jpg
408,408,http://placeholder.image/property_408.jpg
409,409,http://placeholder.image/property_409.jpg
410,410,http://placeholder.image/property_410.jpg
411,411,http://placeholder.image/property_411.jpg
412,412,http://placeholder.image/property_412.jpg
413,413,http://placeholder.image/property_413.jpg
414,414,http://placeholder.image/property_414.jpg
415,415,http://placeholder.image/property_415.jpg
416,416,http://placeholder.image/property_416.jpg
417,417,http://placeholder.image/property_417.jpg
418,418,http://placeholder.image/property_418.jpg
419,419,http://placeholder.image/property_419.jpg
420,420,http://placeholder.image/property_420.jpg
421,421,http://placeholder.image/property_421.jpg
422,422,http://placeholder.image/property_422.jpg
423,423,http://placeholder.image/property_423.jpg
424,424,http://placeholder.image/property_424.jpg
425,425,http://placeholder.image/property_425.jpg
426,426,http://placeholder.image/property_426.jpg
427,427,http://placeholder.image/property_427.jpg
428,428,http://placeholder.image/property_428.jpg
429,429,http://placeholder.image/property_429.jpg
430,430,http://placeholder.image/property_430.jpg
431,431,http://placeholder.image/property_431.jpg
432,432,http://placeholder.image/property_432.jpg
433,433,http://placeholder.image/property_433.jpg
434,434,http://placeholder.image/property_434.jpg
435,435,http://placeholder.image/property_435.jpg
436,436,http://placeholder.image/property_436.jpg
437,437,http://placeholder.image/property_437.jpg
438,438,http://placeholder.image/property_438.jpg
439,439,http://placeholder.image/property_439.jpg
440,440,http://placeholder.image/property_440.jpg
441,441,http://placeholder.image/property_441.jpg
442,442,http://placeholder.image/property_442.jpg
443,443,http://placeholder.image/property_443.jpg
444,444,http://placeholder.image/property_444.jpg
445,445,http://placeholder.image/property_445.jpg
446,446,http://placeholder.image/property_446.jpg
447,447,http://placeholder.image/property_447.jpg
448,448,http://placeholder.image/property_448.jpg
449,449,http://placeholder.image/property_449.jpg
450,450,http://placeholder.image/property_450.jpg
451,451,http://placeholder.image/property_451.jpg
452,452,http://placeholder.image/property_452.jpg
453,453,http://placeholder.image/property_453.jpg
454,454,http://placeholder.image/property_454.jpg
455,455,http://placeholder.image/property_455.jpg
456,456,http://placeholder.image/property_456.jpg
457,457,http://placeholder.image/property_457.jpg
458,458,http://placeholder.image/property_458.jpg
459,459,http://placeholder.image/property_459.jpg
460,460,http://placeholder.image/property_460.jpg
461,461,http://placeholder.image/property_461.jpg
462,462,http://placeholder.image/property_462.jpg
463,463,http://placeholder.image/property_463.jpg
464,464,http://placeholder.image/property_464.jpg
465,465,http://placeholder.image/property_465.jpg
466,466,http://placeholder.image/property_466.jpg
467,467,http://placeholder.image/property_467.jpg
468,468,http://placeholder.image/property_468.jpg
469,469,http://placeholder.image/property_469.jpg
470,470,http://placeholder.image/property_470.jpg
471,471,http://placeholder.image/property_471.jpg
472,472,http://placeholder.image/property_472.jpg
473,473,http://placeholder.image/property_473.jpg
474,474,http://placeholder.image/property_474.jpg
475,475,http://placeholder.image/property_475.jpg
476,476,http://placeholder.image/property_476.jpg
477,477,http://placeholder.image/property_477.jpg
478,478,http://placeholder.image/property_478.jpg
479,479,http://placeholder.image/property_479.jpg
480,480,http://placeholder.image/property_480.jpg
481,481,http://placeholder.image/property_481.jpg
482,482,http://placeholder.image/property_482.jpg
483,483,http://placeholder.image/property_483.jpg
484,484,http://placeholder.image/property_484.jpg
485,485,http://placeholder.image/property_485.jpg
486,486,http://placeholder.image/property_486.jpg
487,487,http://placeholder.image/property_487.jpg
488,488,http://placeholder.image/property_488.jpg
489,489,http://placeholder.image/property_489.jpg
490,490,http://placeholder.image/property_490.jpg
491,491,http://placeholder.image/property_491.jpg
492,492,http://placeholder.image/property_492.jpg
493,493,http://placeholder.image/property_493.jpg
494,494,http://placeholder.image/property_494.jpg
495,495,http://placeholder.image/property_495.jpg
496,496,http://placeholder.image/property_496.jpg
497,497,http://placeholder.image/property_497.jpg
498,498,http://placeholder.image/property_498.jpg
499,499,http://placeholder.image/property_499.jpg
500,500,http://placeholder.image/property_500.jpg
501,501,http://placeholder.image/property_501.jpg
502,502,http://placeholder.image/property_502.jpg
503,503,http://placeholder.image/property_503.jpg
504,504,http://placeholder.image/property_504.jpg
505,505,http://placeholder.image/property_505.jpg
506,506,http://placeholder.image/property_506.jpg
507,507,http://placeholder.image/property_507.jpg
508,508,http://placeholder.image/property_508.jpg
509,509,http://placeholder.image/property_509.jpg
510,510,http://placeholder.image/property_510.jpg
511,511,http://placeholder.image/property_511.jpg
512,512,http://placeholder.image/property_512.jpg
513,513,http://placeholder.image/property_513.jpg
514,514,http://placeholder.image/property_514.jpg
515,515,http://placeholder.image/property_515.jpg
516,516,http://placeholder.image/property_516.jpg
517,517,http://placeholder.image/property_517.jpg
518,518,http://placeholder.image/property_518.jpg
519,519,http://placeholder.image/property_519.jpg
520,520,http://placeholder.image/property_520.jpg
521,521,http://placeholder.image/property_521.jpg
522,522,http://placeholder.image/property_522.jpg
523,523,http://placeholder.image/property_523.jpg
524,524,http://placeholder.image/property_524.jpg
525,525,http://placeholder.image/property_525.jpg
526,526,http://placeholder.image/property_526.jpg
527,527,http://placeholder.image/property_527.jpg
528,528,http://placeholder.image/property_528.jpg
529,529,http://placeholder.image/property_529.jpg
530,530,http://placeholder.image/property_530.jpg
531,531,http://placeholder.image/property_531.jpg
532,532,http://placeholder.image/property_532.jpg
533,533,http://placeholder.image/property_533.jpg
534,534,http://placeholder.image/property_534.jpg
535,535,http://placeholder.image/property_535.jpg
536,536,http://placeholder.image/property_536.jpg
537,537,http://placeholder.image/property_537.jpg
538,538,http://placeholder.image/property_538.jpg
539,539,http://placeholder.image/property_539.jpg
540,540,http://placeholder.image/property_540.jpg
541,541,http://placeholder.image/property_541.jpg
542,542,http://placeholder.image/property_542.jpg
543,543,http://placeholder.image/property_543.jpg
544,544,http://placeholder.image/property_544.jpg
545,545,http://placeholder.image/property_545.jpg
546,546,http://placeholder.image/property_546.jpg
547,547,http://placeholder.image/property_547.jpg
548,548,http://placeholder.image/property_548.jpg
549,549,http://placeholder.image/property_549.jpg
550,550,http://placeholder.image/property_550.jpg
551,551,http://placeholder.image/property_551.jpg
552,552,http://placeholder.image/property_552.jpg
553,553,http://placeholder.image/property_553.jpg
554,554,http://placeholder.image/property_554.jpg
555,555,http://placeholder.image/property_555.jpg
556,556,http://placeholder.image/property_556.jpg
557,557,http://placeholder.image/property_557.jpg
558,558,http://placeholder.image/property_558.jpg
559,559,http://placeholder.image/property_559.jpg
560,560,http://placeholder.image/property_560.jpg
561,561,http://placeholder.image/property_561.jpg
562,562,http://placeholder.image/property_562.jpg
563,563,http://placeholder.image/property_563.jpg
564,564,http://placeholder.image/property_564.jpg
565,565,http://placeholder.image/property_565.jpg
566,566,http://placeholder.image/property_566.jpg
567,567,http://placeholder.image/property_567.jpg
568,568,http://placeholder.image/property_568.jpg
569,569,http://placeholder.image/property_569.jpg
570,570,http://placeholder.image/property_570.jpg
571,571,http://placeholder.image/property_571.jpg
572,572,http://placeholder.image/property_572.jpg
573,573,http://placeholder.image/property_573.jpg
574,574,http://placeholder.image/property_574.jpg
575,575,http://placeholder.image/property_575.jpg
576,576,http://placeholder.image/property_576.jpg
577,577,http://placeholder.image/property_577.jpg
578,578,http://placeholder.image/property_578.jpg
579,579,http://placeholder.image/property_579.jpg
580,580,http://placeholder.image/property_580.jpg
581,581,http://placeholder.image/property_581.jpg
582,582,http://placeholder.image/property_582.jpg
583,583,http://placeholder.image/property_583.jpg
584,584,http://placeholder.image/property_584.jpg
585,585,http://placeholder.image/property_585.jpg
586,586,http://placeholder.image/property_586.jpg
587,587,http://placeholder.image/property_587.jpg
588,588,http://placeholder.image/property_588.jpg
589,589,http://placeholder.image/property_589.jpg
590,590,http://placeholder.image/property_590.jpg
591,591,http://placeholder.image/property_591.jpg
592,592,http://placeholder.image/property_592.jpg
593,593,http://placeholder.image/property_593.jpg
594,594,http://placeholder.image/property_594.jpg
595,595,http://placeholder.image/property_595.jpg
596,596,http://placeholder.image/property_596.jpg
597,597,http://placeholder.image/property_597.jpg
598,598,http://placeholder.image/property_598.jpg
599,599,http://placeholder.image/property_599.jpg
600,600,http://placeholder.image/property_600.jpg
601,601,http://placeholder.image/property_601.jpg
602,602,http://placeholder.image/property_602.jpg
603,603,http://placeholder.image/property_603.jpg
604,604,http://placeholder.image/property_604.jpg
605,605,http://placeholder.image/property_605.jpg
606,606,http://placeholder.image/property_606.jpg
607,607,http://placeholder.image/property_607.jpg
608,608,http://placeholder.image/property_608.jpg
609,609,http://placeholder.image/property_609.jpg
610,610,http://placeholder.image/property_610.jpg
611,611,http://placeholder.image/property_611.jpg
612,612,http://placeholder.image/property_612.jpg
613,613,http://placeholder.image/property_613.jpg
614,614,http://placeholder.image/property_614.jpg
615,615,http://placeholder.image/property_615.jpg
616,616,http://placeholder.image/property_616.jpg
617,617,http://placeholder.image/property_617.jpg
618,618,http://placeholder.image/property_618.jpg
619,619,http://placeholder.image/property_619.jpg
620,620,http://placeholder.image/property_620.jpg
621,621,http://placeholder.image/property_621.jpg
622,622,http://placeholder.image/property_622.jpg
623,623,http://placeholder.image/property_623.jpg
624,624,http://placeholder.image/property_624.jpg
625,625,http://placeholder.image/property_625.jpg
626,626,http://placeholder.image/property_626.jpg
627,627,http://placeholder.image/property_627.jpg
628,628,http://placeholder.image/property_628.jpg
629,629,http://placeholder.image/property_629.jpg
630,630,http://placeholder.image/property_630.jpg
631,631,http://placeholder.image/property_631.jpg
632,632,http://placeholder.image/property_632.jpg
633,633,http://placeholder.image/property_633.jpg
634,634,http://placeholder.image/property_634.jpg
635,635,http://placeholder.image/property_635.jpg
636,636,http://placeholder.image/property_636.jpg
637,637,http://placeholder.image/property_637.jpg
638,638,http://placeholder.image/property_638.jpg
639,639,http://placeholder.image/property_639.jpg
640,640,http://placeholder.image/property_640.jpg
641,641,http://placeholder.image/property_641.jpg
642,642,http://placeholder.image/property_642.jpg
643,643,http://placeholder.image/property_643.jpg
644,644,http://placeholder.image/property_644.jpg
645,645,http://placeholder.image/property_645.jpg
646,646,http://placeholder.image/property_646.jpg
647,647,http://placeholder.image/property_647.jpg
648,648,http://placeholder.image/property_648.jpg
649,649,http://placeholder.image/property_649.jpg
650,650,http://placeholder.image/property_650.jpg
651,651,http://placeholder.image/property_651.jpg
652,652,http://placeholder.image/property_652.jpg
653,653,http://placeholder.image/property_653.jpg
654,654,http://placeholder.image/property_654.jpg
655,655,http://placeholder.image/property_655.jpg
656,656,http://placeholder.image/property_656.jpg
657,657,http://placeholder.image/property_657.jpg
658,658,http://placeholder.image/property_658.jpg
659,659,http://placeholder.image/property_659.jpg
660,660,http://placeholder.image/property_660.jpg
661,661,http://placeholder.image/property_661.jpg
662,662,http://placeholder.image/property_662.jpg
663,663,http://placeholder.image/property_663.jpg
664,664,http://placeholder.image/property_664.jpg
665,665,http://placeholder.image/property_665.jpg
666,666,http://placeholder.image/property_666.jpg
667,667,http://placeholder.image/property_667.jpg
668,668,http://placeholder.image/property_668.jpg
669,669,http://placeholder.image/property_669.jpg
670,670,http://placeholder.image/property_670.jpg
671,671,http://placeholder.image/property_671.jpg
672,672,http://placeholder.image/property_672.jpg
673,673,http://placeholder.image/property_673.jpg
674,674,http://placeholder.image/property_674.jpg
675,675,http://placeholder.image/property_675.jpg
676,676,http://placeholder.image/property_676.jpg
677,677,http://placeholder.image/property_677.jpg
678,678,http://placeholder.image/property_678.jpg
679,679,http://placeholder.image/property_679.jpg
680,680,http://placeholder.image/property_680.jpg
681,681,http://placeholder.image/property_681.jpg
682,682,http://placeholder.image/property_682.jpg
683,683,http://placeholder.image/property_683.jpg
684,684,http://placeholder.image/property_684.jpg
685,685,http://placeholder.image/property_685.jpg
686,686,http://placeholder.image/property_686.jpg
687,687,http://placeholder.image/property_687.jpg
688,688,http://placeholder.image/property_688.jpg
689,689,http://placeholder.image/property_689.jpg
690,690,http://placeholder.image/property_690.jpg
691,691,http://placeholder.image/property_691.jpg
692,692,http://placeholder.image/property_692.jpg
693,693,http://placeholder.image/property_693.jpg
694,694,http://placeholder.image/property_694.jpg
695,695,http://placeholder.image/property_695.jpg
696,696,http://placeholder.image/property_696.jpg
697,697,http://placeholder.image/property_697.jpg
698,698,http://placeholder.image/property_698.jpg
699,699,http://placeholder.image/property_699.jpg
700,700,http://placeholder.image/property_700.jpg
701,701,http://placeholder.image/property_701.jpg
702,702,http://placeholder.image/property_702.jpg
703,703,http://placeholder.image/property_703.jpg
704,704,http://placeholder.image/property_704.jpg
705,705,http://placeholder.image/property_705.jpg
706,706,http://placeholder.image/property_706.jpg
707,707,http://placeholder.image/property_707.jpg
708,708,http://placeholder.image/property_708.jpg
709,709,http://placeholder.image/property_709.jpg
710,710,http://placeholder.image/property_710.jpg
711,711,http://placeholder.image/property_711.jpg
712,712,http://placeholder.image/property_712.jpg
713,713,http://placeholder.image/property_713.jpg
714,714,http://placeholder.image/property_714.jpg
715,715,http://placeholder.image/property_715.jpg
716,716,http://placeholder.image/property_716.jpg
717,717,http://placeholder.image/property_717.jpg
718,718,http://placeholder.image/property_718.jpg
719,719,http://placeholder.image/property_719.jpg
720,720,http://placeholder.image/property_720.jpg
721,721,http://placeholder.image/property_721.jpg
722,722,http://placeholder.image/property_722.jpg
723,723,http://placeholder.image/property_723.jpg
724,724,http://placeholder.image/property_724.jpg
725,725,http://placeholder.image/property_725.jpg
726,726,http://placeholder.image/property_726.jpg
727,727,http://placeholder.image/property_727.jpg
728,728,http://placeholder.image/property_728.jpg
729,729,http://placeholder.image/property_729.jpg
730,730,http://placeholder.image/property_730.jpg
731,731,http://placeholder.image/property_731.jpg
732,732,http://placeholder.image/property_732.jpg
733,733,http://placeholder.image/property_733.jpg
734,734,http://placeholder.image/property_734.jpg
735,735,http://placeholder.image/property_735.jpg
736,736,http://placeholder.image/property_736.jpg
737,737,http://placeholder.image/property_737.jpg
738,738,http://placeholder.image/property_738.jpg
739,739,http://placeholder.image/property_739.jpg
740,740,http://placeholder.image/property_740.jpg
741,741,http://placeholder.image/property_741.jpg
742,742,http://placeholder.image/property_742.jpg
743,743,http://placeholder.image/property_743.jpg
744,744,http://placeholder.image/property_744.jpg
745,745,http://placeholder.image/property_745.jpg
746,746,http://placeholder.image/property_746.jpg
747,747,http://placeholder.image/property_747.jpg
748,748,http://placeholder.image/property_748.jpg
749,749,http://placeholder.image/property_749.jpg
750,750,http://placeholder.image/property_750.jpg
751,751,http://placeholder.image/property_751.jpg
752,752,http://placeholder.image/property_752.jpg
753,753,http://placeholder.image/property_753.jpg
754,754,http://placeholder.image/property_754.jpg
755,755,http://placeholder.image/property_755.jpg
756,756,http://placeholder.image/property_756.jpg
757,757,http://placeholder.image/property_757.jpg
758,758,http://placeholder.image/property_758.jpg
759,759,http://placeholder.image/property_759.jpg
760,760,http://placeholder.image/property_760.jpg
761,761,http://placeholder.image/property_761.jpg
762,762,http://placeholder.image/property_762.jpg
763,763,http://placeholder.image/property_763.jpg
764,764,http://placeholder.image/property_764.jpg
765,765,http://placeholder.image/property_765.jpg
766,766,http://placeholder.image/property_766.jpg
767,767,http://placeholder.image/property_767.jpg
768,768,http://placeholder.image/property_768.jpg
769,769,http://placeholder.image/property_769.jpg
770,770,http://placeholder.image/property_770.jpg
771,771,http://placeholder.image/property_771.jpg
772,772,http://placeholder.image/property_772.jpg
773,773,http://placeholder.image/property_773.jpg
774,774,http://placeholder.image/property_774.jpg
775,775,http://placeholder.image/property_775.jpg
776,776,http://placeholder.image/property_776.jpg
777,777,http://placeholder.image/property_777.jpg
778,778,http://placeholder.image/property_778.jpg
779,779,http://placeholder.image/property_779.jpg
780,780,http://placeholder.image/property_780.jpg
781,781,http://placeholder.image/property_781.jpg
782,782,http://placeholder.image/property_782.jpg
783,783,http://placeholder.image/property_783.jpg
784,784,http://placeholder.image/property_784.jpg
785,785,http://placeholder.image/property_785.jpg
786,786,http://placeholder.image/property_786.jpg
787,787,http://placeholder.image/property_787.jpg
788,788,http://placeholder.image/property_788.jpg
789,789,http://placeholder.image/property_789.jpg
790,790,http://placeholder.image/property_790.jpg
791,791,http://placeholder.image/property_791.jpg
792,792,http://placeholder.image/property_792.jpg
793,793,http://placeholder.image/property_793.jpg
794,794,http://placeholder.image/property_794.jpg
795,795,http://placeholder.image/property_795.jpg
796,796,http://placeholder.image/property_796.jpg
797,797,http://placeholder.image/property_797.jpg
798,798,http://placeholder.image/property_798.jpg
799,799,http://placeholder.image/property_799.jpg
800,800,http://placeholder.image/property_800.jpg
801,801,http://placeholder.image/property_801.jpg
802,802,http://placeholder.image/property_802.jpg
803,803,http://placeholder.image/property_803.jpg
804,804,http://placeholder.image/property_804.jpg
805,805,http://placeholder.image/property_805.jpg
806,806,http://placeholder.image/property_806.jpg
807,807,http://placeholder.image/property_807.jpg
808,808,http://placeholder.image/property_808.jpg
809,809,http://placeholder.image/property_809.jpg
810,810,http://placeholder.image/property_810.jpg
811,811,http://placeholder.image/property_811.jpg
812,812,http://placeholder.image/property_812.jpg
813,813,http://placeholder.image/property_813.jpg
814,814,http://placeholder.image/property_814.jpg
815,815,http://placeholder.image/property_815.jpg
816,816,http://placeholder.image/property_816.jpg
817,817,http://placeholder.image/property_817.jpg
818,818,http://placeholder.image/property_818.jpg
819,819,http://placeholder.image/property_819.jpg
820,820,http://placeholder.image/property_820.jpg
821,821,http://placeholder.image/property_821.jpg
822,822,http://placeholder.image/property_822.jpg
823,823,http://placeholder.image/property_823.jpg
824,824,http://placeholder.image/property_824.jpg
825,825,http://placeholder.image/property_825.jpg
826,826,http://placeholder.image/property_826.jpg
827,827,http://placeholder.image/property_827.jpg
828,828,http://placeholder.image/property_828.jpg
829,829,http://placeholder.image/property_829.jpg
830,830,http://placeholder.image/property_830.jpg
831,831,http://placeholder.image/property_831.jpg
832,832,http://placeholder.image/property_832.jpg
833,833,http://placeholder.image/property_833.jpg
834,834,http://placeholder.image/property_834.jpg
835,835,http://placeholder.image/property_835.jpg
836,836,http://placeholder.image/property_836.jpg
837,837,http://placeholder.image/property_837.jpg
838,838,http://placeholder.image/property_838.jpg
839,839,http://placeholder.image/property_839.jpg
840,840,http://placeholder.image/property_840.jpg
841,841,http://placeholder.image/property_841.jpg
842,842,http://placeholder.image/property_842.jpg
843,843,http://placeholder.image/property_843.jpg
844,844,http://placeholder.image/property_844.jpg
845,845,http://placeholder.image/property_845.jpg
846,846,http://placeholder.image/property_846.jpg
847,847,http://placeholder.image/property_847.jpg
848,848,http://placeholder.image/property_848.jpg
849,849,http://placeholder.image/property_849.jpg
850,850,http://placeholder.image/property_850.jpg
851,851,http://placeholder.image/property_851.jpg
852,852,http://placeholder.image/property_852.jpg
853,853,http://placeholder.image/property_853.jpg
854,854,http://placeholder.image/property_854.jpg
855,855,http://placeholder.image/property_855.jpg
856,856,http://placeholder.image/property_856.jpg
857,857,http://placeholder.image/property_857.jpg
858,858,http://placeholder.image/property_858.jpg
859,859,http://placeholder.image/property_859.jpg
860,860,http://placeholder.image/property_860.jpg
861,861,http://placeholder.image/property_861.jpg
862,862,http://placeholder.image/property_862.jpg
863,863,http://placeholder.image/property_863.jpg
864,864,http://placeholder.image/property_864.jpg
865,865,http://placeholder.image/property_865.jpg
866,866,http://placeholder.image/property_866.jpg
867,867,http://placeholder.image/property_867.jpg
868,868,http://placeholder.image/property_868.jpg
869,869,http://placeholder.image/property_869.jpg
870,870,http://placeholder.image/property_870.jpg
871,871,http://placeholder.image/property_871.jpg
872,872,http://placeholder.image/property_872.jpg
873,873,http://placeholder.image/property_873.jpg
874,874,http://placeholder.image/property_874.jpg
875,875,http://placeholder.image/property_875.jpg
876,876,http://placeholder.image/property_876.jpg
877,877,http://placeholder.image/property_877.jpg
878,878,http://placeholder.image/property_878.jpg
879,879,http://placeholder.image/property_879.jpg
880,880,http://placeholder.image/property_880.jpg
881,881,http://placeholder.image/property_881.jpg
882,882,http://placeholder.image/property_882.jpg
883,883,http://placeholder.image/property_883.jpg
884,884,http://placeholder.image/property_884.jpg
885,885,http://placeholder.image/property_885.jpg
886,886,http://placeholder.image/property_886.jpg
887,887,http://placeholder.image/property_887.jpg
888,888,http://placeholder.image/property_888.jpg
889,889,http://placeholder.image/property_889.jpg
890,890,http://placeholder.image/property_890.jpg
891,891,http://placeholder.image/property_891.jpg
892,892,http://placeholder.image/property_892.jpg
893,893,http://placeholder.image/property_893.jpg
894,894,http://placeholder.image/property_894.jpg
895,895,http://placeholder.image/property_895.jpg
896,896,http://placeholder.image/property_896.jpg
897,897,http://placeholder.image/property_897.jpg
898,898,http://placeholder.image/property_898.jpg
899,899,http://placeholder.image/property_899.jpg
900,900,http://placeholder.image/property_900.jpg
901,901,http://placeholder.image/property_901.jpg
902,902,http://placeholder.image/property_902.jpg
903,903,http://placeholder.image/property_903.jpg
904,904,http://placeholder.image/property_904.jpg
905,905,http://placeholder.image/property_905.jpg
906,906,http://placeholder.image/property_906.jpg
907,907,http://placeholder.image/property_907.jpg
908,908,http://placeholder.image/property_908.jpg
909,909,http://placeholder.image/property_909.jpg
910,910,http://placeholder.image/property_910.jpg
911,911,http://placeholder.image/property_911.jpg
912,912,http://placeholder.image/property_912.jpg
913,913,http://placeholder.image/property_913.jpg
914,914,http://placeholder.image/property_914.jpg
915,915,http://placeholder.image/property_915.jpg
916,916,http://placeholder.image/property_916.jpg
917,917,http://placeholder.image/property_917.jpg
918,918,http://placeholder.image/property_918.jpg
919,919,http://placeholder.image/property_919.jpg
920,920,http://placeholder.image/property_920.jpg
921,921,http://placeholder.image/property_921.jpg
922,922,http://placeholder.image/property_922.jpg
923,923,http://placeholder.image/property_923.jpg
924,924,http://placeholder.image/property_924.jpg
925,925,http://placeholder.image/property_925.jpg
926,926,http://placeholder.image/property_926.jpg
927,927,http://placeholder.image/property_927.jpg
928,928,http://placeholder.image/property_928.jpg
929,929,http://placeholder.image/property_929.jpg
930,930,http://placeholder.image/property_930.jpg
931,931,http://placeholder.image/property_931.jpg
932,932,http://placeholder.image/property_932.jpg
933,933,http://placeholder.image/property_933.jpg
934,934,http://placeholder.image/property_934.jpg
935,935,http://placeholder.image/property_935.jpg
936,936,http://placeholder.image/property_936.jpg
937,937,http://placeholder.image/property_937.jpg
938,938,http://placeholder.image/property_938.jpg
939,939,http://placeholder.image/property_939.jpg
940,940,http://placeholder.image/property_940.jpg
941,941,http://placeholder.image/property_941.jpg
942,942,http://placeholder.image/property_942.jpg
943,943,http://placeholder.image/property_943.jpg
944,944,http://placeholder.image/property_944.jpg
945,945,http://placeholder.image/property_945.jpg
946,946,http://placeholder.image/property_946.jpg
947,947,http://placeholder.image/property_947.jpg
948,948,http://placeholder.image/property_948.jpg
949,949,http://placeholder.image/property_949.jpg
950,950,http://placeholder.image/property_950.jpg
951,951,http://placeholder.image/property_951.jpg
952,952,http://placeholder.image/property_952.jpg
953,953,http://placeholder.image/property_953.jpg
954,954,http://placeholder.image/property_954.jpg
955,955,http://placeholder.image/property_955.jpg
956,956,http://placeholder.image/property_956.jpg
957,957,http://placeholder.image/property_957.jpg
958,958,http://placeholder.image/property_958.jpg
959,959,http://placeholder.image/property_959.jpg
960,960,http://placeholder.image/property_960.jpg
961,961,http://placeholder.image/property_961.jpg
962,962,http://placeholder.image/property_962.jpg
963,963,http://placeholder.image/property_963.jpg
964,964,http://placeholder.image/property_964.jpg
965,965,http://placeholder.image/property_965.jpg
966,966,http://placeholder.image/property_966.jpg
967,967,http://placeholder.image/property_967.jpg
968,968,http://placeholder.image/property_968.jpg
969,969,http://placeholder.image/property_969.jpg
970,970,http://placeholder.image/property_970.jpg
971,971,http://placeholder.image/property_971.jpg
972,972,http://placeholder.image/property_972.jpg
973,973,http://placeholder.image/property_973.jpg
974,974,http://placeholder.image/property_974.jpg
975,975,http://placeholder.image/property_975.jpg
976,976,http://placeholder.image/property_976.jpg
977,977,http://placeholder.image/property_977.jpg
978,978,http://placeholder.image/property_978.jpg
979,979,http://placeholder.image/property_979.jpg
980,980,http://placeholder.image/property_980.jpg
981,981,http://placeholder.image/property_981.jpg
982,982,http://placeholder.image/property_982.jpg
983,983,http://placeholder.image/property_983.jpg
984,984,http://placeholder.image/property_984.jpg
985,985,http://placeholder.image/property_985.jpg
986,986,http://placeholder.image/property_986.jpg
987,987,http://placeholder.image/property_987.jpg
988,988,http://placeholder.image/property_988.jpg
989,989,http://placeholder.image/property_989.jpg
990,990,http://placeholder.image/property_990.jpg
991,991,http://placeholder.image/property_991.jpg
992,992,http://placeholder.image/property_992.jpg
993,993,http://placeholder.image/property_993.jpg
994,994,http://placeholder.image/property_994.jpg
995,995,http://placeholder.image/property_995.jpg
996,996,http://placeholder.image/property_996.jpg
997,997,http://placeholder.image/property_997.jpg
998,998,http://placeholder.image/property_998.jpg
999,999,http://placeholder.image/property_999.jpg
1000,1000,http://placeholder.image/property_1000.jpg
