owner_id,owner_name,email,phone
1,Dgumllw Zzehlehb,vyehnytjxbeukjnl41@example.com,8765337984
2,Pybtgdnkf Xgyctiohh,rnftjvxrtzlla29@example.com,8358389948
3,Furcdlegw Efdqhhz,qehwwdexvdtjs47@example.com,9705318612
4,Gasbcx Rwejfuxcfgt,jsbqonanyzufofvdiz96@example.com,8817337460
5,Lxggnsn Vlanjhlb,kpycmoryfurriz97@example.com,8227798485
6,Quackmgs Jujxfzqg,zdjoxrenpzkkszmh93@example.com,8498975707
7,Dhlhdnz Dnitokqrj,qevqrucgzbrvlglqj12@example.com,7246273253
8,Tsvddb Yurjplv,dlixyeobcctfot8@example.com,9071978005
9,Engkspcw Rtdgnil,zdatfsoagolwhcs30@example.com,9011169923
10,Uheco Clhzrmopbml,miqxncunybtcmsse90@example.com,9730017549
11,Wotlnhdb Lxmpsdjf,shppjicotxbzrxk79@example.com,8881514142
12,Twevvob Xoegjntw,itxrvsjferswcpsew8@example.com,9509919542
13,Cprze Oyykqum,fppxpwfmaqtyfrx86@example.com,7042777433
14,Oudzqv Mjufkx,ewcybhnvhxhndmxcfsdb91@example.com,9188161849
15,Dndmh Rybthxg,scvvojchztlzgedtpf64@example.com,7065991081
16,Tqahom Icofkind,yffcsweuabeztjryw5@example.com,9513586278
17,Atwea Epnnanapc,vodvrxaetcjshfsbaiqy69@example.com,8243742462
18,Emwmq Obzbtkyngzu,jjxceudqban96@example.com,8758904806
19,Yohvwwwi Ejeimmp,cgvgbydhljfxskzyo48@example.com,9747581239
20,Baezjv Fsdlbdkefc,gxotivwlibimldrreg9@example.com,8459043788
21,Qxtea Zzqpnpue,lggaqwiiylwxwugmpzf73@example.com,8169290074
22,Rqzeiszfs Oskfpswrr,vjebegdrplelynjo82@example.com,7674335842
23,Qvuyv Njfinoehygw,heuqutwcrawl41@example.com,9612305983
24,Rotjep Imraccb,fomyvcmpustjqo15@example.com,9710719177
25,Ccaph Lebwkfbgs,zrolltoxoewck94@example.com,9369711013
26,Fgihrzq Ayfnlkvaelx,xbhzhifwzbkffb62@example.com,9511309946
27,Rkynm Pvwhmmt,mvvanlndoxqab73@example.com,9175938596
28,Edxtxswiu Zxxzyzl,npppeytdusktjsn80@example.com,7267213857
29,Lclrkybt Vafverdnpqq,cuwaozdlwcjkodjmq42@example.com,7867388695
30,Eekxljr Eoajkk,ncbbequtrjgwx25@example.com,8085907198
31,Qoztbfrv Weqhkn,fottcutrvflx72@example.com,7604304071
32,Wxjuz Ydcsvhlyejq,yhtzetnrxkca70@example.com,7193977118
33,Wgwdnyjev Nvrxvdnh,coiexmuyfudeeb39@example.com,9122530068
34,Axyck Gbjupbk,hcksdahocoqdahqbkfn18@example.com,9082475971
35,Ujpannhxw Yfocdzsdpsk,ibjsmnkrpbnzaoimdx15@example.com,9252266211
36,Geehv Ijxjiaf,iylmwhgnffakm1@example.com,9029859894
37,Datnaanez Fmwhcdg,qpxeyovyrmrhrvmjmmk31@example.com,7508999031
38,Eydotzhxs Ttgwnggc,tfmdveoifizvchkx33@example.com,9584805189
39,Igpdwfs Rwprztpspg,nczxxvdfkwysxgulh32@example.com,7251733371
40,Jfwhftf Xeruqavxbua,msydmppmkpqlv45@example.com,7383035117
41,Nikiil Eexklybhzdg,fxshydpqlndvnl18@example.com,7395330287
42,Khmpre Oyhfvdo,izntilrlwdyyxszpn52@example.com,8944353043
43,Juwogntdf Svemzzlbg,ffidfuxygfwnkzhebm39@example.com,8031023727
44,Qiabjym Funmtfmbn,itqzosdljotckycjs18@example.com,9500643160
45,Olqvpd Jrrlmyhwzqg,dppxgivgkhtbyyjgnpa35@example.com,9101495785
46,Dexwzdz Hbeiirmhwhz,dhipniufklktrlis65@example.com,9133324558
47,Dgyxwii Voakxqbf,uyqbdymvoxbh19@example.com,9636555552
48,Jjzcs Hsvlbmixtl,bmkhqlqiwoushgm41@example.com,8757769898
49,Pksvqlvx Sslazfkkl,toziwcrppwjacffwd64@example.com,7684356348
50,Xcqvdy Cunopxzbin,lwcvexoavvumowikky6@example.com,7127482731
51,Qcscva Yfegjjvq,vwqnifjzpzmboxlzkz2@example.com,7289795717
52,Gkkkiktcp Tobcqlbr,zwcwpfobzatscrt99@example.com,8971991812
53,Fchbn Xxnowyvsnhy,sztpzjdtctflmzxm61@example.com,9783383014
54,Rilwzm Lrxonzo,pugjgcsldlhmgf1@example.com,7083093902
55,Jvmhv Rpkfhoweu,fdcepbleykfccmk65@example.com,8925375786
56,Bcmokq Zqwtzms,nghoulvnlgvybk75@example.com,8425223654
57,Awafnzam Tdxpcmnp,xobtregwyblyvjbwxv30@example.com,7260325826
58,Hktyz Ritsmkevuf,uwhjeywabofmnklh37@example.com,8833404653
59,Bbqfxdtqs Yuzskhnugnq,batwpmnlvmouykkow10@example.com,9536306411
60,Tbuuwwwc Qorvli,oddxwhoqemjtbfcnc41@example.com,7837006338
61,Tlqdd Eldmdufg,rpphbhazsddhnnnbx85@example.com,8217249686
62,Jywdsxl Qitkiijmm,qumgqrzbiat50@example.com,8410882333
63,Nzshvm Concrjj,dkatqhivadbbnhzto81@example.com,8631647637
64,Bgxcezsgv Trgpagzs,tblobaonssxydjy71@example.com,8668006513
65,Nzmnak Cqnxchv,amyckhdojldlrsc90@example.com,8895657953
66,Mszbadg Ergeqsqyco,zhjyqsoccrxxtnnnkn55@example.com,7184604192
67,Qdtuqch Amoewmgub,rksqzkbepwvdufwv44@example.com,9794864598
68,Xqxjcxh Zobdfa,wdpneqnjzksqptnag5@example.com,9439665290
69,Rydsft Jnndmn,vajsgjutwnzdlcpncopl86@example.com,7186075780
70,Ordjjghcs Ezulnatf,gkojkjnzuohaeri86@example.com,8033271054
71,Hkfpcgr Cvjcxq,pyzmqnndbzpysgf91@example.com,8638647634
72,Cltlqzxrt Bxyeofb,jryxchsohguodrd31@example.com,9683122589
73,Gtxinqdu Hyraldxtz,irqhrwibpaftz59@example.com,9006831801
74,Llyhu Aubhulootbk,htlbmtuxiwnvkcvz15@example.com,7188650035
75,Sqzuuh Qalakkq,vgaaxbsdqnsqo40@example.com,9478596929
76,Pmwamoloa Mtsnqeysilt,owovwxwyvvvqnw19@example.com,9298184002
77,Kkzoc Ftafvu,oiytjginaadtsdq14@example.com,7412473421
78,Pkrck Fbzgzmym,xhypaxswbbibzgrfz49@example.com,7086840894
79,Tcbmkexhb Vfjpxn,qobsaeoniclhtmuu78@example.com,9753830043
80,Zldbydtx Ducqmhcakhk,athrecgsypnrgwvvyf99@example.com,8362241496
81,Rlmfcelqg Wpwxzhgsvsp,wgtvexaopuombhu2@example.com,8783762129
82,Iquurfhl Ifdubvrjh,uhamsymuwdbgak91@example.com,7630150297
83,Pezqef Mcwrki,gshfjhmznuothyhviso78@example.com,9013253983
84,Qneiqcz Mxivissi,dsaisytnxvqrej82@example.com,9252548081
85,Slcxzxywf Smdxsgtx,sxdnpefltzeyrohvcw21@example.com,8040639593
86,Wtqbgjyua Jmhlqfedz,nmxklsotkngj93@example.com,8860143135
87,Kosclua Ctkcoj,bvdhbygmuipbwoo55@example.com,8536871907
88,Qowldqswe Dtvvovi,vtzbwlkfswfcovv51@example.com,7492967139
89,Fknsnfh Uejimkhl,wefeiapxmlqqtnzoib6@example.com,9413647699
90,Ppkvgq Heeivke,sovhjlylalsdrqj90@example.com,9816303237
91,Nmahc Ogvqetzrv,gulxghmfoxqts7@example.com,7086371151
92,Jcpvmenh Kmfzmgqbkv,xjnwpcisltvd80@example.com,9879547833
93,Rfmbimrtv Pirahuc,xnypiaomvmshtytsgy77@example.com,8698717539
94,Ezbaj Kwooolnpk,vhamqywntdennvaftya82@example.com,8322145454
95,Mqnqy Tmpnck,xuxzxlsjegbaxjj70@example.com,8405485895
96,Pandpe Auohxl,eyhsdmlkvxcmmmppp42@example.com,7182095310
97,Ilkmindy Auttxcfea,tmdxugmrryn26@example.com,7293390680
98,Kxkmvv Iqbiorlxk,kwmgcwyfynuhhmjt20@example.com,8271248797
99,Qwjeslj Clbxmsyvm,dmxdglaevhyfi25@example.com,8046674445
100,Xkrxfwphv Nzpyrnz,bvfpwgmgkmhbcu97@example.com,7358333024
101,Wgiticwlf Ktqgmmetw,rdqznvktmufrthug93@example.com,8305379803
102,Qxptuvd Pnewcsgn,xyqhkcpwnrevrtj35@example.com,7708058015
103,Kxrnepy Hydeazyi,qcsixdinznelmxlsh91@example.com,8146230663
104,Aezgn Uwwcho,ylwxwucxxgcjrpfa29@example.com,9604812125
105,Sbyztyuyq Acgctnzmdc,oqtbecevyggrh91@example.com,8005890086
106,Bapynj Wunvcovu,fszftabvtbhji64@example.com,7270181875
107,Fujvhg Ljsneivu,ewknxvbpunyekg55@example.com,9807683833
108,Yawsrho Yzmtqlch,nlwblmrkemdpfjss67@example.com,8326659589
109,Hdrook Dtzbautqpw,mircibtfvawj81@example.com,7769491320
110,Eeuzsncop Fsrqtrqlfuf,cnumjlhonmxmetnt98@example.com,7225181516
111,Aomynkazx Agazblmectc,otccjjozmgzlvzbb2@example.com,7550248141
112,Rsbhbrj Jdtgrszgth,qwamkzxaifmggfmv34@example.com,9710262403
113,Tyxew Nbrpfj,wyntylnjyvdyikgsys92@example.com,8958698550
114,Vheajngc Vjncscp,aqwfimtncstdtypwe5@example.com,7289997655
115,Jighrna Lldgfzjmoax,tkhcaqurocuhklqg14@example.com,7996090022
116,Ioxer Frxuzuz,pkifvzaxgiyxexwdyrel7@example.com,9296502626
117,Psckyixt Oyhbazeln,fllzyjgkjlncjvjrs54@example.com,7495416653
118,Sbicqyz Ozplzmnfkit,zzycjjqdbzgjqvp93@example.com,9944810519
119,Wsvmnty Avndoqxies,lyoipauvmekdbfa51@example.com,8075247861
120,Xdsro Xtjdvbfdlw,jhxbixgubfdldxb61@example.com,9140634047
121,Vhynxkh Lejyxkh,okcwxqvjqbbgkqmu19@example.com,8973508925
122,Lthafs Vhaewlxb,pxqvoktjrqoaetk82@example.com,9994653867
123,Ulphnql Rsooecrrikl,pglzrtjjtzvamiirri8@example.com,7310156143
124,Elxvocr Pxwqei,tqrucyweerihkqtvg88@example.com,9567774876
125,Cgmts Dvbiris,boloqmyjuwdvodx4@example.com,7426923113
126,Uwtzk Nziplwdlbw,nhympxvfmvnxp55@example.com,7945650974
127,Cqyfh Lnrmqcdutss,vzryxoefoairqha29@example.com,9510469396
128,Nezunrscm Idmkwufn,rsaksjvopyqzlom94@example.com,9241280790
129,Zijrbecl Gixfthjyxj,dprsozjlwdnjubd4@example.com,7234696002
130,Wfodmxf Wmrbnhhpt,sywqlhekadqttdfan70@example.com,9817112854
131,Uesgday Nvtjbhb,kthhrgecmhpogjttzh12@example.com,8992985316
132,Yksdvxcbu Rhscuegofz,hkcuedmbaoukbebm91@example.com,9953636086
133,Gtuebziu Htlgapd,cqqsvegsilaasnkszyn48@example.com,9414989865
134,Iaoclrop Ialzky,lrwhbphmhkrjqsux39@example.com,9096030516
135,Pxbiwi Azhdmjd,hzozwazzwodnovhr6@example.com,9934959281
136,Rbjpcggew Hgokapnbl,xrbfeaempvcschmsi61@example.com,9691601205
137,Joudhxypk Yltyei,fcteszsnuxuwoyqv94@example.com,7369422165
138,Euaubuksz Fhcfrptznft,mewoqqyrpohcamgnj95@example.com,8901633787
139,Fbmurt Ccgrwemwcwn,yhqhtkeyufpqazrn42@example.com,9277408345
140,Xmsojfaxo Sjxcfdf,rgeeckvpmvspxogf91@example.com,8962117299
141,Hvmpxy Sabqfnuma,rgbamsuyflbpyxg70@example.com,9835968377
142,Vqqciqnx Isxsffvcrq,twjlodkgkrqtekrns8@example.com,9907848408
143,Nedao Fpgddgwmxoz,mittnioiclary51@example.com,7412497470
144,Speittwc Feoses,gsoitkugqlvesigrt62@example.com,9536496772
145,Mmxsyxvm Eexikexv,ybcsiqrhjcwqcvqcbsod84@example.com,8733711573
146,Dvfakda Gfotcjfve,ritaedcmczjolj5@example.com,8980241369
147,Fuglw Yzocxuplnb,mqsoxiperfpsy92@example.com,7064848995
148,Bejwy Gieqpbl,agovfowsjnrxszkqaf71@example.com,9656006832
149,Qplilb Ufcggrk,oqbzwugvfjynrxakofht37@example.com,7031687880
150,Gmmpadj Zozkzfy,krjthtsskdwbcjfm12@example.com,9253868273
151,Fyvuqoy Jxzscilzl,osbrmrotfjkbnlfvdbe61@example.com,7904207003
152,Fqtpcrlx Exguffpwefz,vygsmsfmbrgzzwous68@example.com,9966445434
153,Ykliq Bhgixeh,udprrvjevgzpwxtrioqv35@example.com,7540668693
154,Spytwdr Kdbbuki,vhuujwmphlrktki8@example.com,7186640137
155,Xmuslfv Ghdtije,unupfkvojmpakzflf37@example.com,7858461447
156,Xqgdirsn Ynsmhidfw,qpysolgxbyerfbuv24@example.com,9448643312
157,Phbzajzrj Lakssus,hurccysneqxexc4@example.com,9159410863
158,Vxoxgqts Myyidtrodfi,hizhqgnhakanoohg46@example.com,8258672771
159,Ebvomf Wuorui,boluhsldzptowle77@example.com,8492777848
160,Ujcfbgacs Ydqvddaoors,qnxzuwyhdljdfthzrm39@example.com,9106333616
161,Riwqdzvd Aaxecybwv,spwfhqotmumlsgzl89@example.com,8217614908
162,Quwbtwfii Ihkkwlp,hiecjqxostuaiov96@example.com,8996409988
163,Tdbzts Eftyfnpnzy,mksblilkfskdzoa31@example.com,7451770306
164,Nqxfwwxc Pbablpsfhj,igkjnvydwwuyvnohbb66@example.com,8864919838
165,Bvzedftbc Tbdvzvoebf,somacudcnys33@example.com,9110316517
166,Ateuzr Xbrjquxy,pupkprkpcxif20@example.com,9108938769
167,Wgzebvlo Cfsljod,qvbytnyjcnzscium65@example.com,9819399642
168,Zvbaoc Bgfmprozvxb,jfviuzzkmklnva93@example.com,7012046254
169,Fvrmvqhrw Ticaaixsk,emonvhpjsorunbjbjj41@example.com,7803754910
170,Mzcfpht Zhegotjpsks,ejpdrdfvyjcufpqsge28@example.com,8054726369
171,Ncaxroyvk Slbtbw,amstluesxcfhudgpx92@example.com,7252563341
172,Cohldwdkc Wtxaqizez,idjuybngwcxirasl28@example.com,8591228507
173,Prewwcoiy Uhipbs,idrgnflizqau23@example.com,8720712243
174,Qttrw Vkyxha,zjylzsigeuvhy17@example.com,7668608342
175,Vktnix Deglxnmys,sarsjlvwztunq36@example.com,9328926478
176,Ozprwe Ibvozoqpzq,noqedbdtyojnrlwczyq39@example.com,8975651024
177,Ioipec Trlfhldty,qawefwboapwyv77@example.com,7897990704
178,Bkzbiy Rqhbzawtmf,vbahhfebfrjywjwz77@example.com,7922516671
179,Vvtognw Jnnqfggzsle,qhorbpapbwbnqlnmzvk7@example.com,7437892429
180,Kniuoewrd Clqhcxerchz,geulqahrrtzuw50@example.com,9319712172
181,Rbltav Stdnsl,gytlvlnqkawtjzksksx50@example.com,7555655501
182,Limhelwru Tnrxuvyvrvo,jeyobelnwnmwjllrrbc78@example.com,7016432866
183,Holkky Joinxjsipqq,cacitydogjhjeigc26@example.com,9663659180
184,Czknsuhh Nnlartt,xgmwpxxsrzlhvkcn35@example.com,9249470907
185,Ghszofv Ddtpxcugyh,cbgbwumpfnvayvut11@example.com,9570548290
186,Zigrj Ojdjkhz,kxttjndmewkmfbuuhr60@example.com,8787112548
187,Lsthxi Ehwhtfkxq,yfvihwtswcfc35@example.com,9225921252
188,Snlqklu Ehmyyjhs,ytvoxvebohiqgawoyt6@example.com,7216210510
189,Rcjbb Prffmokzwb,hglzrqgysdgpuloehc33@example.com,9268024797
190,Qpxhgnltx Snrnvtj,oqvfkgakhsqqgd40@example.com,8363765953
191,Pqtsapar Zsdhrjh,utdsgxreiohgb35@example.com,8377137924
192,Pqsqc Ucsbcwcbq,gksuiwwnabvigzezsj11@example.com,8907835889
193,Ozcctptqd Oeutcsgdwq,ijffhzmabymfwubid76@example.com,7049346806
194,Aynqdy Nubtvdbi,jpcyblcrsznb58@example.com,9108628533
195,Szmgmiby Dgkpbtyush,ypwgfbkuwojjie47@example.com,7914159529
196,Ncyyhbnv Ahgymnybob,movhqepnnumuuztmg89@example.com,8449020640
197,Ovfsqyk Mulomkbej,ojhbeywdfaopczbv98@example.com,8663960355
198,Xuevonhdu Qwsszreze,nftctsedrlxjjfch66@example.com,8654468334
199,Sfqkk Myscmpqfoy,uuixdnncrwdridy16@example.com,8633408506
200,Qbbnv Unguvx,gtuwjocigfxhto5@example.com,7636661319
201,Skcsqvk Iwzbptw,xkyquqppwqntovo32@example.com,7121621859
202,Apeugpca Nkaxat,fijougrlpheb25@example.com,9858980241
203,Akszvtv Pinszgv,bxklzcaeiwmrfnga21@example.com,7123217606
204,Cqurnsga Wsgiclnvf,jspajdqqoxixkxpl94@example.com,7639170019
205,Xepjxbgl Cbopidgt,oisqzgmccwkdinu59@example.com,8196781482
206,Oqihmnb Vwrqxmuofcu,hharuaaeszmzjpa21@example.com,8480810988
207,Cmothz Hkaooikzwpb,gfsqslwibelkoxdp35@example.com,9109850841
208,Ugjvggoym Zbaojjr,phkbmlwivnnifkifxpod2@example.com,9217981329
209,Vgcwgveju Oaqgzux,otlnnxhzmzrmnu35@example.com,7002130377
210,Yxhziahl Cxxkokdjt,zeyrkcucrsptydoadox97@example.com,8700854191
211,Fhzsiarsl Vrfabie,dawrxukidjgppre76@example.com,7140055425
212,Mfjkyib Islsxsyb,dubepdicejnbbri65@example.com,9318307554
213,Slwheql Ovsoflwrdqd,ojenairlpnceorltz50@example.com,9581499641
214,Ehnlo Gkubgq,pzgpcmpbjdqzxitwpff9@example.com,9083991215
215,Mbzvchbsz Upisxpl,xljlijucrxyfevp86@example.com,7346542556
216,Qepmahmaj Zngggqgxz,ubtxoeymunbckjl72@example.com,9502991505
217,Fvkzc Ikpermasqyc,xybbtayacmcgzi12@example.com,8569797025
218,Kqziho Dfnzamj,drjwvzcqzkurkkjhtc52@example.com,9548465655
219,Npqbjvsb Bdbwsx,eszirjievgrw80@example.com,7915059555
220,Dbmuq Rpdswzrze,tknksjslfuomovzgsdlm13@example.com,8631345128
221,Pcrrcavy Qoodbomrvgg,odoxenlxxefppdep42@example.com,9487871205
222,Dgaeim Phtvup,hxhqdfmmcvokk73@example.com,9460375082
223,Hpkiuopas Zmgdwr,binczhnhlnwfzsi88@example.com,7246251360
224,Haffmt Mfpoczceet,uzsllhzkxhggxspwpu78@example.com,8391535599
225,Orfyzmei Lmzrshveuu,lwdbbaggrod86@example.com,7074389543
226,Trlmnql Wdwfztxxtiz,emagzfbeixtld92@example.com,7604307312
227,Ganzh Vmdgsm,ipcbbspsgrzrtnisee81@example.com,9868445899
228,Ftxzjcv Yhuaorgn,mfekmfxuhjdykevcq99@example.com,8260454216
229,Udqqtyevj Njsgodjshz,okcrvfnwhmvthj85@example.com,9467882363
230,Llpnz Sfxccws,evcozezcxgtam34@example.com,9784943062
231,Mhtgy Speweaalc,nqmgdobwgzeqh61@example.com,8739465810
232,Acviewasb Xnmxgwqgsoo,lemhqcrmahjnrcd19@example.com,9819681788
233,Kmquqg Rlipgbtmp,kbeedgnbhpxiiudk82@example.com,7798100345
234,Smgvqmffb Ivfxiweycfh,uiighgoqugswibb25@example.com,7071341020
235,Kbiptk Gsawmmrhpy,exykbiquzjkiluuw60@example.com,7361783483
236,Fcitjq Vcvgjnfvt,pmbzxbaqputlruvzml64@example.com,7236123913
237,Clbxajvc Pxbzhf,dafeferwcukmbor16@example.com,8964395618
238,Amfmllnc Adoevm,bkuggwvaekurwxfl19@example.com,7096080457
239,Qkkzs Uaenfvl,gyhaxddmdyuiilp24@example.com,7021186968
240,Dngvgizrq Iwsagrv,bicwlbquclrowxxfw59@example.com,8722723498
241,Fubrxflw Yhsshwkioci,jvknhtsxgtfgpgowy89@example.com,7562427624
242,Mojqw Lxxxznptb,nrnswicdxpfiecbjxvge84@example.com,9063689752
243,Egrhtdsp Iyihynbc,vukisomuxwasmjxpu32@example.com,9318409862
244,Eaguopdad Punocmmt,qamahkyyoxza47@example.com,7972109129
245,Akpminly Sntbjahbcqe,zctlvnxeuuhiun48@example.com,8092526854
246,Rtadgchxt Dducntpzijh,ciujultzozsdxnsi45@example.com,9924566909
247,Blhroit Ucidtr,blawpbehwbrxyo25@example.com,9527997300
248,Ersjl Aeoxsicguh,evklqeqjucpfz3@example.com,8181841933
249,Tqkfp Uhwjhfhdscw,jawydpjwxgaflq72@example.com,8828127172
250,Hixbivmj Gggrnkrdkho,xopvptkupuatesnijf91@example.com,8246665146
251,Kipngs Erzyhllyhkk,srricsybraousdn33@example.com,8772872329
252,Ngucewppm Htnnbrlhr,ormezqtnaxnlo5@example.com,8380317834
253,Tegxm Kivifhgba,gyynhoeoeqnbqgckw20@example.com,8518369694
254,Muitgpg Lkobbfhubmn,ccowwokqvoqwm92@example.com,9107404397
255,Eirqtsd Zwclecfgphk,grjshtlmanktfdzdczmz60@example.com,7398352130
256,Hduvq Qakinjg,xtnivwdsjkljai47@example.com,9084053715
257,Ddhyac Kkcvto,tvccsclhddvwrk47@example.com,8969894029
258,Hbiacvfhj Fxawfuhhpk,ccerijvpvksreooifp73@example.com,7160234606
259,Xncla Dnfublb,kaqlkzeswppzpsv44@example.com,7696377753
260,Yvwdyp Wylmoypx,qvzpgvuzhtqhcqg84@example.com,8028269786
261,Lvtxwun Dlueaekmzph,njnkrqnslmcdu64@example.com,7722969515
262,Rkqgcbkdd Pjfuza,lfxudnlwaucev63@example.com,7442297488
263,Ncatzop Wazvnqexq,apruwrgfpvfwclamdl70@example.com,9232479332
264,Gzmocz Jjxrgrwufzk,lltcciqdufhcqcmn85@example.com,8449766153
265,Znegzcz Nefeefjy,xdyphyitryafaoovmf1@example.com,7355250941
266,Kdevkht Vokgywgk,hioyhetzcnonfdml27@example.com,7653954597
267,Fjfunpwc Kabpekmhfd,fyexzizdubold80@example.com,9148897183
268,Alrrqcp Tohbfspatgb,vtokgfbqssplqeliat73@example.com,7049537371
269,Uhfvlhgg Qbptqhfqfng,qvzknvnjyksidvxlu21@example.com,9149193869
270,Cobqknxa Nibllnkjf,cmcroksfbdqvc72@example.com,9782696714
271,Eufkuuqda Mdyjfxushq,zwxmonqliohhndk65@example.com,7836609231
272,Uvwvyy Lchnucjx,pvjvnwimpjtmmfnpy5@example.com,8813062388
273,Nsraeldp Zfxqyfkza,jaoanxyfngdhfhial43@example.com,9228471558
274,Qtggoib Mbvhzi,uttgddapsmkbpz86@example.com,7862252906
275,Quidvry Hbxiiyrkw,voycjausrqm96@example.com,9559442752
276,Gkjrvin Sthpdqatp,xbnvwgfsktenpiag71@example.com,8902127338
277,Tuhgym Wpsslmqky,hqouofozblapbqw90@example.com,8721618585
278,Qjpfaef Jshpreexh,lnfuvynyscfogb39@example.com,9956227819
279,Diebhjatv Lrmecg,ayrojsnbzymugzl36@example.com,8297910938
280,Ruvuc Iwgdedywhx,lmqzztsazjzgsiz82@example.com,7712853189
281,Scraex Exolarad,smtacrprfvsxafr95@example.com,9962597921
282,Uxisxkmw Qrcwfljcofu,lctmrvwefyrzdcgg45@example.com,8836340043
283,Jbzbu Espdjdef,zxpztznhlybvzqns87@example.com,9970474535
284,Froeeelok Ysaaldcmcbt,bznvbgzbxlfclgei26@example.com,8387037258
285,Tswcmaqv Ltsfaoa,dwvwvnkshfbpywinakar59@example.com,8446032156
286,Jclyemkyi Awrzudgowd,thiwfmjorsoqgzcoxj75@example.com,9934685185
287,Lqensekvh Jiunfmgvg,kbcaulydajydjm36@example.com,8294244464
288,Pveyf Izscyoku,xewdvkxborfzxdt30@example.com,7687404723
289,Triyp Ltwhziz,fadeaihuuckca84@example.com,8619853258
290,Rkloqy Nprnzh,cuoefvgmgyllxosp61@example.com,8848154053
291,Bgwqn Tqviwawr,kvocfrzilibktgzg85@example.com,7407252536
292,Inpfi Ccenqfoq,auzozrxdfywvpgnvw73@example.com,7543629690
293,Kigtn Fgtufnprnsx,wnhhxxfeynbkjpnpai27@example.com,7337800393
294,Zdfmlpx Bbdxpmz,gfmvgdnwrqczvemuj84@example.com,8526165535
295,Tzhldyqs Leaewt,htwojnqtteuqnefubq62@example.com,9341222712
296,Dybvjmw Dvpcwrht,imvqxunttgydbewxraa52@example.com,7907294896
297,Rtrze Ouixretygmp,uxqtbdguqnjxtdws30@example.com,9335885019
298,Encigz Wbmvhk,odutknuvtlbhxawj37@example.com,7767010282
299,Duumimp Mrwucd,mivibznvpmimxnapmq6@example.com,9772260472
300,Yombl Rkqisod,flgjilrkbivskinfwmv16@example.com,9350551279
